config,library_fraction,n_init,batch_size,budget,cycles,rank,representation,strategy,mean_auc_ef,std_auc_ef,mean_auc_ef_norm,std_auc_ef_norm,mean_final_ef,std_final_ef,mean_hits_found,n_seeds
f0.05_init10_b5,0.05,10,5,25,3,1,ecfp4,greedy,5.892657978723405,2.0649949894364075,1.9642193262411347,0.6883316631454695,2.566172340425532,0.6823269098771397,12.2075,400
f0.05_init10_b5,0.05,10,5,25,3,2,ecfp4,epsilon_greedy,5.614038475177306,1.9631821895088208,1.8713461583924351,0.654394063169607,2.4206,0.6261361075228709,11.515,400
f0.05_init10_b5,0.05,10,5,25,3,3,mace_fp,greedy,5.1423297872340425,1.8100328469452103,1.7141099290780142,0.6033442823150703,2.131031914893617,0.5838042598564641,10.1375,400
f0.05_init10_b5,0.05,10,5,25,3,4,mace_fp,epsilon_greedy,4.9640430851063835,1.7135923166440052,1.6546810283687945,0.5711974388813355,2.0437936170212767,0.5444170515090706,9.7225,400
f0.05_init10_b5,0.05,10,5,25,3,5,mace_internal_fp,greedy,4.712138120567376,1.847147185808964,1.570712706855792,0.6157157286029881,1.9428914893617022,0.6461200477338204,9.2425,400
f0.05_init10_b5,0.05,10,5,25,3,6,mace_internal_fp,epsilon_greedy,4.582725886524823,1.7627340073424242,1.5275752955082742,0.5875780024474747,1.8719446808510636,0.6134924852581268,8.905,400
f0.05_init10_b5,0.05,10,5,25,3,7,ecfp4,bald,3.8943666666666665,1.4952641104510507,1.2981222222222224,0.4984213701503502,1.5997191489361702,0.49842838250503013,7.61,400
f0.05_init10_b5,0.05,10,5,25,3,8,ecfp4,badge,3.862528191489362,1.4355321485482126,1.2875093971631209,0.4785107161827379,1.504072340425532,0.44254930596065317,7.155,400
f0.05_init10_b5,0.05,10,5,25,3,9,boltz2_affinity,greedy,3.8517109929078015,1.6310792773115566,1.2839036643026005,0.5436930924371856,1.450468085106383,0.5351640097802077,6.9,400
f0.05_init10_b5,0.05,10,5,25,3,10,boltz2_affinity,epsilon_greedy,3.704912411347518,1.5633847764777073,1.234970803782506,0.5211282588259026,1.3810978723404255,0.5147031873398434,6.57,400
f0.05_init10_b5,0.05,10,5,25,3,11,boltz2_affinity,bald,3.6835407801418443,1.6677213298645517,1.227846926713948,0.5559071099548506,1.387404255319149,0.575835634427239,6.6,400
f0.05_init10_b5,0.05,10,5,25,3,12,boltz2_affinity,badge,3.5446689716312054,1.5361212240858564,1.1815563238770685,0.5120404080286186,1.287027659574468,0.48122634565139144,6.1225,400
f0.05_init10_b5,0.05,10,5,25,3,13,mace_internal_fp,badge,3.370455141843972,1.3280252048022094,1.123485047281324,0.4426750682674035,1.2118765957446809,0.3832036718629034,5.765,400
f0.05_init10_b5,0.05,10,5,25,3,14,mace_fp,badge,3.24340780141844,1.242691104756721,1.0811359338061466,0.41423036825224047,1.1587978723404255,0.3451963229989172,5.5125,400
f0.05_init10_b5,0.05,10,5,25,3,15,mace_internal_fp,bald,3.1988251773049647,1.30171334435717,1.0662750591016548,0.433904448119057,1.1545936170212767,0.39263476125525903,5.4925,400
f0.05_init10_b5,0.05,10,5,25,3,16,random,epsilon_greedy,3.033632978723404,1.3734198374580278,1.0112109929078015,0.4578066124860091,0.9985106382978723,0.4063604761509624,4.75,400
f0.05_init10_b5,0.05,10,5,25,3,17,random,random,3.020888829787234,1.3828844003436225,1.0069629432624114,0.46096146678120714,0.9953574468085107,0.40838722426566354,4.735,400
f0.05_init10_b5,0.05,10,5,25,3,18,ecfp4,random,3.020888829787234,1.3828844003436225,1.0069629432624114,0.46096146678120714,0.9953574468085107,0.40838722426566354,4.735,400
f0.05_init10_b5,0.05,10,5,25,3,19,boltz2_affinity,random,3.020888829787234,1.3828844003436225,1.0069629432624114,0.46096146678120714,0.9953574468085107,0.40838722426566354,4.735,400
f0.05_init10_b5,0.05,10,5,25,3,20,mace_internal_fp,random,3.020888829787234,1.3828844003436225,1.0069629432624114,0.46096146678120714,0.9953574468085107,0.40838722426566354,4.735,400
f0.05_init10_b5,0.05,10,5,25,3,21,mace_fp,random,3.020888829787234,1.3828844003436225,1.0069629432624114,0.46096146678120714,0.9953574468085107,0.40838722426566354,4.735,400
f0.05_init10_b5,0.05,10,5,25,3,22,mace_internal_fp,coreset,3.006086347517731,1.215157886953006,1.0020287825059102,0.40505262898433525,0.909695744680851,0.28706983621073423,4.3275,400
f0.05_init10_b5,0.05,10,5,25,3,23,random,greedy,3.002013475177305,1.3696637524206814,1.000671158392435,0.45655458414022737,0.9869489361702128,0.38534792069399515,4.695,400
f0.05_init10_b5,0.05,10,5,25,3,24,random,badge,2.9931232269503543,1.4140490989505512,0.9977077423167848,0.47134969965018375,0.9801170212765957,0.40750864165322015,4.6625,400
f0.05_init10_b5,0.05,10,5,25,3,25,random,bald,2.99062695035461,1.4017132904955065,0.9968756501182034,0.4672377634985022,0.9869489361702128,0.39443763152311995,4.695,400
f0.05_init10_b5,0.05,10,5,25,3,26,random,coreset,2.8757544326241136,1.445594996939633,0.9585848108747045,0.4818649989798779,0.9669787234042553,0.4037630234466803,4.6,400
f0.05_init10_b5,0.05,10,5,25,3,27,mace_fp,bald,2.809187056737589,1.1466304227061421,0.9363956855791963,0.38221014090204736,1.016904255319149,0.347833125080511,4.8375,400
f0.05_init10_b5,0.05,10,5,25,3,28,boltz2_affinity,coreset,2.789786170212766,1.269575214326821,0.9299287234042554,0.42319173810894045,0.9023382978723404,0.3193375492643025,4.2925,400
f0.05_init10_b5,0.05,10,5,25,3,29,mace_fp,coreset,2.4401760638297874,1.2794865597021445,0.8133920212765957,0.4264955199007145,0.5723042553191489,0.28163656525006947,2.7225,400
f0.05_init10_b5,0.05,10,5,25,3,30,ecfp4,coreset,2.2854507092198584,1.158708379049183,0.7618169030732861,0.3862361263497273,0.6548127659574468,0.2680389667761921,3.115,400
f0.05_init5_b5,0.05,5,5,25,4,1,ecfp4,greedy,9.063761347517731,3.8248673747641884,2.265940336879433,0.9562168436910472,2.9046148936170213,0.8638289378168225,13.8175,400
f0.05_init5_b5,0.05,5,5,25,4,2,ecfp4,epsilon_greedy,8.564637411347517,3.660836455122813,2.1411593528368793,0.9152091137807032,2.7564148936170216,0.8098499292385262,13.1125,400
f0.05_init5_b5,0.05,5,5,25,4,3,mace_fp,greedy,7.4046132978723405,2.793609127024523,1.8511533244680851,0.6984022817561307,2.3239021276595744,0.6219548750563079,11.055,400
f0.05_init5_b5,0.05,5,5,25,4,4,mace_fp,epsilon_greedy,7.106549113475178,2.7062324107847386,1.7766372783687945,0.6765581026961848,2.2235255319148934,0.5917331889763553,10.5775,400
f0.05_init5_b5,0.05,5,5,25,4,5,mace_internal_fp,greedy,6.36449804964539,2.7542966806460902,1.5911245124113476,0.6885741701615224,2.0164659574468082,0.678648726632751,9.5925,400
f0.05_init5_b5,0.05,5,5,25,4,6,mace_internal_fp,epsilon_greedy,6.14872340425532,2.6953218236919496,1.53718085106383,0.6738304559229873,1.9602340425531914,0.6522846954294114,9.325,400
f0.05_init5_b5,0.05,5,5,25,4,7,boltz2_affinity,greedy,5.629629255319149,2.5183716691827356,1.4074073138297873,0.6295929172956839,1.6091787234042554,0.5944215235322897,7.655,400
f0.05_init5_b5,0.05,5,5,25,4,8,boltz2_affinity,epsilon_greedy,5.327711170212766,2.3473267359588377,1.3319277925531916,0.5868316839897094,1.4993425531914895,0.5484483354189057,7.1325,400
f0.05_init5_b5,0.05,5,5,25,4,9,ecfp4,badge,5.094112234042553,2.085728555486164,1.2735280585106383,0.5214321388715412,1.5734425531914895,0.46637303216011045,7.485,400
f0.05_init5_b5,0.05,5,5,25,4,10,boltz2_affinity,bald,5.062799290780142,2.4405773130409627,1.2656998226950356,0.6101443282602407,1.4578255319148936,0.605855705915272,6.935,400
f0.05_init5_b5,0.05,5,5,25,4,11,ecfp4,bald,5.022552304964539,2.1210449490586303,1.2556380762411348,0.5302612372646575,1.637031914893617,0.5252354787048186,7.7875,400
f0.05_init5_b5,0.05,5,5,25,4,12,boltz2_affinity,badge,4.8010843971631205,2.2084640665509205,1.2002710992907801,0.5521160166377301,1.3364276595744682,0.4947168912800921,6.3575,400
f0.05_init5_b5,0.05,5,5,25,4,13,mace_internal_fp,badge,4.3596375886524825,1.934262723141778,1.0899093971631206,0.48356568078544454,1.2286936170212766,0.4165072733302325,5.845,400
f0.05_init5_b5,0.05,5,5,25,4,14,mace_internal_fp,bald,4.325302836879433,1.9712794595816105,1.0813257092198583,0.49281986489540264,1.226591489361702,0.4557073295342187,5.835,400
f0.05_init5_b5,0.05,5,5,25,4,15,mace_fp,badge,4.140884929078014,1.6542582304663822,1.0352212322695036,0.41356455761659555,1.181395744680851,0.36489526302203645,5.62,400
f0.05_init5_b5,0.05,5,5,25,4,16,random,bald,4.069281205673759,1.9411951069593107,1.0173203014184398,0.48529877673982763,1.0132255319148937,0.3933481023376418,4.82,400
f0.05_init5_b5,0.05,5,5,25,4,17,mace_internal_fp,random,4.053821808510639,1.9373151626362046,1.0134554521276595,0.4843287906590511,1.0063936170212766,0.38908722144903696,4.7875,400
f0.05_init5_b5,0.05,5,5,25,4,18,ecfp4,random,4.053821808510639,1.9373151626362046,1.0134554521276595,0.4843287906590511,1.0063936170212766,0.38908722144903696,4.7875,400
f0.05_init5_b5,0.05,5,5,25,4,19,boltz2_affinity,random,4.053821808510639,1.9373151626362046,1.0134554521276595,0.4843287906590511,1.0063936170212766,0.38908722144903696,4.7875,400
f0.05_init5_b5,0.05,5,5,25,4,20,random,random,4.053821808510639,1.9373151626362046,1.0134554521276595,0.4843287906590511,1.0063936170212766,0.38908722144903696,4.7875,400
f0.05_init5_b5,0.05,5,5,25,4,21,mace_fp,random,4.053821808510639,1.9373151626362046,1.0134554521276595,0.4843287906590511,1.0063936170212766,0.38908722144903696,4.7875,400
f0.05_init5_b5,0.05,5,5,25,4,22,random,badge,3.98015975177305,1.9328288814214576,0.9950399379432625,0.4832072203553644,0.994831914893617,0.39829181718914164,4.7325,400
f0.05_init5_b5,0.05,5,5,25,4,23,random,greedy,3.9751234042553194,1.8959216630681581,0.9937808510638299,0.47398041576703953,0.9816936170212766,0.3838577254808988,4.67,400
f0.05_init5_b5,0.05,5,5,25,4,24,random,epsilon_greedy,3.964306205673759,1.8839421859488747,0.9910765514184398,0.47098554648721863,0.9780148936170212,0.3901900677206058,4.6525,400
f0.05_init5_b5,0.05,5,5,25,4,25,mace_internal_fp,coreset,3.7459039007092203,1.4968956745269786,0.9364759751773051,0.37422391863174465,0.7930276595744681,0.23444646163784796,3.7725,400
f0.05_init5_b5,0.05,5,5,25,4,26,random,coreset,3.6912047872340428,1.8576136325058232,0.9228011968085107,0.46440340812645575,0.9485851063829788,0.35186931940037963,4.5125,400
f0.05_init5_b5,0.05,5,5,25,4,27,mace_fp,bald,3.4641312056737594,1.3365420401329748,0.8660328014184399,0.3341355100332437,1.0011382978723404,0.36003668367185676,4.7625,400
f0.05_init5_b5,0.05,5,5,25,4,28,boltz2_affinity,coreset,3.4472703900709223,1.743995503696157,0.8618175975177306,0.43599887592403924,0.8802659574468085,0.31971188783012316,4.1875,400
f0.05_init5_b5,0.05,5,5,25,4,29,ecfp4,coreset,2.8228070921985817,1.365262447217792,0.7057017730496454,0.341315611804448,0.6075148936170213,0.22451981887020842,2.89,400
f0.05_init5_b5,0.05,5,5,25,4,30,mace_fp,coreset,2.563238120567376,1.6273196101860676,0.640809530141844,0.4068299025465169,0.356836170212766,0.21110585362111187,1.6975,400
f0.075_init10_b5,0.075,10,5,35,5,1,ecfp4,greedy,11.372679559270516,3.206967222269206,2.2745359118541035,0.6413934444538415,2.8915516717325227,0.5758472869482211,19.2575,400
f0.075_init10_b5,0.075,10,5,35,5,2,ecfp4,epsilon_greedy,10.762449417426547,3.001825837868743,2.152489883485309,0.6003651675737485,2.7023601823708208,0.5455394471353416,17.9975,400
f0.075_init10_b5,0.075,10,5,35,5,3,mace_fp,greedy,9.69587613981763,2.7255481538529227,1.939175227963526,0.5451096307705844,2.398677811550152,0.49428210853150945,15.975,400
f0.075_init10_b5,0.075,10,5,35,5,4,mace_fp,epsilon_greedy,9.307489285714286,2.585268991428654,1.861497857142857,0.5170537982857307,2.29169452887538,0.4704848477752888,15.2625,400
f0.075_init10_b5,0.075,10,5,35,5,5,mace_internal_fp,greedy,8.832583611955421,2.849546398667071,1.7665167223910843,0.5699092797334141,2.162939209726444,0.5316592531690876,14.405,400
f0.075_init10_b5,0.075,10,5,35,5,6,mace_internal_fp,epsilon_greedy,8.526805369807498,2.7198898317781883,1.7053610739614995,0.5439779663556377,2.069469604863222,0.5022390373991222,13.7825,400
f0.075_init10_b5,0.075,10,5,35,5,7,ecfp4,bald,7.295984599797366,2.1484620438621973,1.4591969199594732,0.4296924087724397,1.7875592705167174,0.40622348668091196,11.905,400
f0.075_init10_b5,0.075,10,5,35,5,8,ecfp4,badge,7.034701393110436,2.0721759985788277,1.406940278622087,0.41443519971576587,1.6625577507598783,0.3597886279924682,11.0725,400
f0.075_init10_b5,0.075,10,5,35,5,9,boltz2_affinity,greedy,6.85500075987842,2.52557720098407,1.3710001519756838,0.505115440196814,1.543937689969605,0.47654925344480364,10.2825,400
f0.075_init10_b5,0.075,10,5,35,5,10,boltz2_affinity,epsilon_greedy,6.559339007092198,2.3903054694778514,1.3118678014184397,0.47806109389557033,1.479372340425532,0.4336662978804316,9.8525,400
f0.075_init10_b5,0.075,10,5,35,5,11,boltz2_affinity,bald,6.513092198581561,2.6193944712712676,1.302618439716312,0.5238788942542535,1.4347021276595746,0.5206189309202846,9.555,400
f0.075_init10_b5,0.075,10,5,35,5,12,boltz2_affinity,badge,6.200719782168187,2.3082624489448036,1.2401439564336372,0.46165248978896056,1.3588753799392097,0.42276030162980804,9.05,400
f0.075_init10_b5,0.075,10,5,35,5,13,mace_internal_fp,badge,5.894397239108409,1.8524848528905633,1.178879447821682,0.37049697057811265,1.3029437689969603,0.31797869032041975,8.6775,400
f0.075_init10_b5,0.075,10,5,35,5,14,mace_fp,badge,5.690009118541034,1.6933538579793395,1.1380018237082068,0.338670771595868,1.28980547112462,0.30670469156009433,8.59,400
f0.075_init10_b5,0.075,10,5,35,5,15,mace_internal_fp,bald,5.683802836879432,1.7749759487433248,1.1367605673758865,0.3549951897486648,1.326968085106383,0.320019264534982,8.8375,400
f0.075_init10_b5,0.075,10,5,35,5,16,random,epsilon_greedy,5.0158893110435665,2.022752696242589,1.0031778622087133,0.4045505392485178,0.9864984802431611,0.3405159929847426,6.57,400
f0.075_init10_b5,0.075,10,5,35,5,17,random,random,5.00676132218845,2.027038180656813,1.00135226443769,0.4054076361313629,0.9925045592705167,0.3407747614231438,6.61,400
f0.075_init10_b5,0.075,10,5,35,5,18,ecfp4,random,5.00676132218845,2.027038180656813,1.00135226443769,0.4054076361313629,0.9925045592705167,0.3407747614231438,6.61,400
f0.075_init10_b5,0.075,10,5,35,5,19,boltz2_affinity,random,5.00676132218845,2.027038180656813,1.00135226443769,0.4054076361313629,0.9925045592705167,0.3407747614231438,6.61,400
f0.075_init10_b5,0.075,10,5,35,5,20,mace_internal_fp,random,5.00676132218845,2.027038180656813,1.00135226443769,0.4054076361313629,0.9925045592705167,0.3407747614231438,6.61,400
f0.075_init10_b5,0.075,10,5,35,5,21,mace_fp,random,5.00676132218845,2.027038180656813,1.00135226443769,0.4054076361313629,0.9925045592705167,0.3407747614231438,6.61,400
f0.075_init10_b5,0.075,10,5,35,5,22,mace_fp,bald,5.00328280141844,1.5264554756473878,1.0006565602836879,0.3052910951294776,1.171936170212766,0.2935280575983621,7.805,400
f0.075_init10_b5,0.075,10,5,35,5,23,random,bald,4.971294174265451,1.9943923747087373,0.9942588348530902,0.39887847494174744,0.9834954407294834,0.31829861427767353,6.55,400
f0.075_init10_b5,0.075,10,5,35,5,24,random,badge,4.9613653748733535,2.0426044369707954,0.9922730749746708,0.408520887394159,0.983870820668693,0.33150719762514697,6.5525,400
f0.075_init10_b5,0.075,10,5,35,5,25,random,greedy,4.961158915906789,1.9908336452390702,0.9922317831813576,0.398166729047814,0.9842462006079028,0.34124120923116413,6.555,400
f0.075_init10_b5,0.075,10,5,35,5,26,random,coreset,4.817782548125633,2.0703325641923365,0.9635565096251267,0.41406651283846746,0.9726094224924011,0.3126383397047029,6.4775,400
f0.075_init10_b5,0.075,10,5,35,5,27,mace_internal_fp,coreset,4.700251089159068,1.651120774524477,0.9400502178318136,0.3302241549048952,0.7732826747720365,0.21061021501260058,5.15,400
f0.075_init10_b5,0.075,10,5,35,5,28,boltz2_affinity,coreset,4.609465450861196,1.7874452060347523,0.9218930901722391,0.3574890412069503,0.8915273556231003,0.2937827741487376,5.9375,400
f0.075_init10_b5,0.075,10,5,35,5,29,ecfp4,coreset,3.570263627152989,1.5356351004496516,0.7140527254305978,0.30712702008993015,0.6377705167173252,0.21896257244045675,4.2475,400
f0.075_init10_b5,0.075,10,5,35,5,30,mace_fp,coreset,3.407642781155015,1.7531092196746176,0.6815285562310031,0.3506218439349235,0.4087887537993921,0.20116897517862106,2.7225,400
f0.075_init20_b5,0.075,20,5,35,3,1,ecfp4,greedy,5.143161879432625,1.2197937704603459,1.7143872931442081,0.40659792348678175,2.220372340425532,0.4043096700638524,14.7875,400
f0.075_init20_b5,0.075,20,5,35,3,2,ecfp4,epsilon_greedy,4.911564969604863,1.2368834381802616,1.637188323201621,0.4122944793934205,2.091241641337386,0.41397438505494377,13.9275,400
f0.075_init20_b5,0.075,20,5,35,3,3,mace_fp,greedy,4.8539191236068895,1.1698476207592423,1.6179730412022966,0.3899492069197476,2.0120364741641334,0.40087539342451306,13.4,400
f0.075_init20_b5,0.075,20,5,35,3,4,mace_fp,epsilon_greedy,4.6741621833839915,1.1826648855011217,1.5580540611279974,0.39422162850037384,1.9219452887537996,0.4032645054392262,12.8,400
f0.075_init20_b5,0.075,20,5,35,3,5,mace_internal_fp,greedy,4.538862740628167,1.241137896771793,1.5129542468760553,0.4137126322572641,1.8622598784194528,0.4485198296928182,12.4025,400
f0.075_init20_b5,0.075,20,5,35,3,6,mace_internal_fp,epsilon_greedy,4.394704331306992,1.2043424686931996,1.4649014437689971,0.4014474895643999,1.78380547112462,0.42815506937377007,11.88,400
f0.075_init20_b5,0.075,20,5,35,3,7,ecfp4,bald,3.8651058004052685,0.9590448419198613,1.2883686001350896,0.31968161397328704,1.5120303951367782,0.3252386615723038,10.07,400
f0.075_init20_b5,0.075,20,5,35,3,8,ecfp4,badge,3.772411980749747,0.9875458378052826,1.2574706602499155,0.3291819459350941,1.4429604863221885,0.3220190544292455,9.61,400
f0.075_init20_b5,0.075,20,5,35,3,9,boltz2_affinity,greedy,3.6528910081053696,1.1184722247673489,1.2176303360351233,0.3728240749224497,1.3573738601823708,0.35935352888021255,9.04,400
f0.075_init20_b5,0.075,20,5,35,3,10,boltz2_affinity,epsilon_greedy,3.550887765957447,1.0930215934951026,1.183629255319149,0.36434053116503423,1.3138297872340425,0.3500857062054261,8.75,400
f0.075_init20_b5,0.075,20,5,35,3,11,boltz2_affinity,bald,3.535109295845998,1.1128188830925991,1.1783697652819993,0.37093962769753297,1.3055714285714286,0.37319392437863896,8.695,400
f0.075_init20_b5,0.075,20,5,35,3,12,boltz2_affinity,badge,3.4300279381965555,1.0911326234637684,1.1433426460655185,0.363710874487923,1.2327477203647417,0.35579800462397393,8.21,400
f0.075_init20_b5,0.075,20,5,35,3,13,mace_fp,badge,3.320529609929078,0.8805882187325496,1.1068432033096927,0.2935294062441831,1.206095744680851,0.2741982576256279,8.0325,400
f0.075_init20_b5,0.075,20,5,35,3,14,mace_internal_fp,bald,3.3025238855116514,0.9663233248206146,1.1008412951705504,0.322107774940205,1.2124772036474163,0.29362044494230694,8.075,400
f0.075_init20_b5,0.075,20,5,35,3,15,mace_internal_fp,badge,3.3000839159067885,0.9506783017991215,1.1000279719689294,0.3168927672663738,1.1892036474164134,0.28479812463522564,7.92,400
f0.075_init20_b5,0.075,20,5,35,3,16,random,badge,3.0411092958459984,1.0328023319719768,1.0137030986153328,0.344267443990659,1.011273556231003,0.31695637370530744,6.735,400
f0.075_init20_b5,0.075,20,5,35,3,17,random,bald,3.0354785967578524,1.1109030464600138,1.011826198919284,0.370301015486671,1.0052674772036474,0.33438320539631916,6.695,400
f0.075_init20_b5,0.075,20,5,35,3,18,random,epsilon_greedy,3.0301231762917933,1.0361329555199654,1.010041058763931,0.34537765183998836,1.0022644376899696,0.3158706038092823,6.675,400
f0.075_init20_b5,0.075,20,5,35,3,19,mace_internal_fp,coreset,3.019887816616008,0.9705680750027297,1.006629272205336,0.3235226916675766,0.9422036474164134,0.26446065585045286,6.275,400
f0.075_init20_b5,0.075,20,5,35,3,20,random,greedy,3.0103156281661603,1.042905517998465,1.0034385427220534,0.3476351726661551,0.9913784194528875,0.30569319332208134,6.6025,400
f0.075_init20_b5,0.075,20,5,35,3,21,boltz2_affinity,random,2.9952754052684907,1.092423234073396,0.9984251350894968,0.36414107802446527,0.9842462006079028,0.3382475010671013,6.555,400
f0.075_init20_b5,0.075,20,5,35,3,22,ecfp4,random,2.9952754052684907,1.092423234073396,0.9984251350894968,0.36414107802446527,0.9842462006079028,0.3382475010671013,6.555,400
f0.075_init20_b5,0.075,20,5,35,3,23,random,random,2.9952754052684907,1.092423234073396,0.9984251350894968,0.36414107802446527,0.9842462006079028,0.3382475010671013,6.555,400
f0.075_init20_b5,0.075,20,5,35,3,24,mace_internal_fp,random,2.9952754052684907,1.092423234073396,0.9984251350894968,0.36414107802446527,0.9842462006079028,0.3382475010671013,6.555,400
f0.075_init20_b5,0.075,20,5,35,3,25,mace_fp,random,2.9952754052684907,1.092423234073396,0.9984251350894968,0.36414107802446527,0.9842462006079028,0.3382475010671013,6.555,400
f0.075_init20_b5,0.075,20,5,35,3,26,mace_fp,bald,2.981836803444782,0.8310162626237511,0.9939456011482608,0.27700542087458374,1.0750881458966566,0.24928351683337197,7.16,400
f0.075_init20_b5,0.075,20,5,35,3,27,random,coreset,2.87407773556231,1.0867044405894632,0.9580259118541034,0.3622348135298211,0.9508373860182371,0.31774581603013247,6.3325,400
f0.075_init20_b5,0.075,20,5,35,3,28,boltz2_affinity,coreset,2.8239895390070924,0.9992337336126474,0.9413298463356975,0.3330779112042156,0.9249361702127659,0.2897469907189585,6.16,400
f0.075_init20_b5,0.075,20,5,35,3,29,mace_fp,coreset,2.6041545339412364,0.9946242233742622,0.8680515113137455,0.331541407791421,0.6888221884498481,0.25678426108518443,4.5875,400
f0.075_init20_b5,0.075,20,5,35,3,30,ecfp4,coreset,2.4571682624113476,0.9575798869620163,0.8190560874704492,0.31919329565400545,0.7068404255319148,0.2563261490398062,4.7075,400
f0.075_init5_b10,0.075,5,10,35,3,1,ecfp4,greedy,6.926460587639311,2.8241069889893016,2.3088201958797705,0.9413689963297668,2.951987841945289,0.7873052838761248,19.66,400
f0.075_init5_b10,0.075,5,10,35,3,2,ecfp4,epsilon_greedy,6.551293363728471,2.6786158308981305,2.1837644545761568,0.8928719436327105,2.790949848024316,0.7350126992914978,18.5875,400
f0.075_init5_b10,0.075,5,10,35,3,3,mace_fp,greedy,5.695890070921986,2.118912259792524,1.8986300236406621,0.7063040865975078,2.3386170212765958,0.5858319576864207,15.575,400
f0.075_init5_b10,0.075,5,10,35,3,4,mace_fp,epsilon_greedy,5.450128824721378,2.037218483652931,1.8167096082404595,0.6790728278843099,2.2496519756838906,0.5609555322646602,14.9825,400
f0.075_init5_b10,0.075,5,10,35,3,5,mace_internal_fp,greedy,4.940100101317123,2.0392518675629363,1.6467000337723743,0.6797506225209788,2.0368115501519757,0.6205196609775101,13.565,400
f0.075_init5_b10,0.075,5,10,35,3,6,mace_internal_fp,epsilon_greedy,4.7907864741641335,1.9532884882328527,1.596928824721378,0.6510961627442841,1.9928920972644377,0.5788235917786794,13.2725,400
f0.075_init5_b10,0.075,5,10,35,3,7,boltz2_affinity,greedy,4.508087841945288,1.855136790689901,1.5026959473150965,0.6183789302299673,1.6892097264437689,0.5174733131147945,11.25,400
f0.075_init5_b10,0.075,5,10,35,3,8,boltz2_affinity,epsilon_greedy,4.4194981762917935,1.818984826306079,1.473166058763931,0.6063282754353597,1.638158054711246,0.500022402944386,10.91,400
f0.075_init5_b10,0.075,5,10,35,3,9,ecfp4,badge,3.867927406281662,1.293128270574705,1.2893091354272206,0.43104275685823495,1.645290273556231,0.40760430608601683,10.9575,400
f0.075_init5_b10,0.075,5,10,35,3,10,boltz2_affinity,bald,3.8625719858156033,1.7778119187291508,1.2875239952718676,0.5926039729097173,1.479372340425532,0.5530131181734813,9.8525,400
f0.075_init5_b10,0.075,5,10,35,3,11,boltz2_affinity,badge,3.8012349037487336,1.5414800853202553,1.2670783012495779,0.513826695106752,1.4260683890577508,0.46215787689340293,9.4975,400
f0.075_init5_b10,0.075,5,10,35,3,12,ecfp4,bald,3.7643725937183388,1.5288629209952729,1.2547908645727794,0.5096209736650908,1.7023480243161095,0.5283033327627499,11.3375,400
f0.075_init5_b10,0.075,5,10,35,3,13,mace_internal_fp,badge,3.440131914893617,1.2319063298867352,1.1467106382978722,0.41063544329557816,1.3138297872340425,0.3489540477637323,8.75,400
f0.075_init5_b10,0.075,5,10,35,3,14,mace_fp,badge,3.236338145896657,1.0336037208488629,1.0787793819655522,0.3445345736162875,1.290931610942249,0.35098820466936215,8.5975,400
f0.075_init5_b10,0.075,5,10,35,3,15,mace_internal_fp,bald,3.233410182370821,1.2917363505116417,1.077803394123607,0.4305787835038806,1.2766671732522796,0.39648153931652086,8.5025,400
f0.075_init5_b10,0.075,5,10,35,3,16,random,badge,3.053565653495441,1.28263098578546,1.0178552178318137,0.42754366192848653,1.0000121580547112,0.3334499581071488,6.66,400
f0.075_init5_b10,0.075,5,10,35,3,17,mace_internal_fp,random,3.0464584599797364,1.2977553356949139,1.0154861533265789,0.4325851118983044,1.0022644376899696,0.3523982536048391,6.675,400
f0.075_init5_b10,0.075,5,10,35,3,18,ecfp4,random,3.0464584599797364,1.2977553356949139,1.0154861533265789,0.4325851118983044,1.0022644376899696,0.3523982536048391,6.675,400
f0.075_init5_b10,0.075,5,10,35,3,19,boltz2_affinity,random,3.0464584599797364,1.2977553356949139,1.0154861533265789,0.4325851118983044,1.0022644376899696,0.3523982536048391,6.675,400
f0.075_init5_b10,0.075,5,10,35,3,20,random,random,3.0464584599797364,1.2977553356949139,1.0154861533265789,0.4325851118983044,1.0022644376899696,0.3523982536048391,6.675,400
f0.075_init5_b10,0.075,5,10,35,3,21,mace_fp,random,3.0464584599797364,1.2977553356949139,1.0154861533265789,0.4325851118983044,1.0022644376899696,0.3523982536048391,6.675,400
f0.075_init5_b10,0.075,5,10,35,3,22,random,epsilon_greedy,3.0380374366767984,1.268020615765865,1.0126791455589328,0.4226735385886218,1.007144376899696,0.31951918512020755,6.7075,400
f0.075_init5_b10,0.075,5,10,35,3,23,random,greedy,3.0285403242147924,1.2711105652908095,1.0095134414049307,0.42370352176360315,0.9849969604863221,0.31522684724494276,6.56,400
f0.075_init5_b10,0.075,5,10,35,3,24,random,bald,2.967778824721378,1.3303905077321851,0.9892596082404593,0.4434635025773949,0.9804924012158055,0.3245081546558552,6.53,400
f0.075_init5_b10,0.075,5,10,35,3,25,random,coreset,2.842752279635258,1.2137100548262039,0.9475840932117527,0.40457001827540123,0.971483282674772,0.29012507510624835,6.47,400
f0.075_init5_b10,0.075,5,10,35,3,26,boltz2_affinity,coreset,2.6397342958459977,1.1595339045205284,0.879911431948666,0.3865113015068426,0.8614969604863222,0.2728409881352987,5.7375,400
f0.075_init5_b10,0.075,5,10,35,3,27,mace_fp,bald,2.5859548632218843,0.890170795745447,0.8619849544072948,0.29672359858181546,1.0296671732522795,0.3805471969121998,6.8575,400
f0.075_init5_b10,0.075,5,10,35,3,28,mace_internal_fp,coreset,2.5523083080040525,0.9814920071012523,0.8507694360013509,0.32716400236708415,0.6456534954407295,0.19046365630424594,4.3,400
f0.075_init5_b10,0.075,5,10,35,3,29,ecfp4,coreset,2.077565298885512,0.8967514150891162,0.6925217662951705,0.2989171383630387,0.6190015197568389,0.19001775496316392,4.1225,400
f0.075_init5_b10,0.075,5,10,35,3,30,mace_fp,coreset,1.5887705673758865,1.0673893723350893,0.5295901891252955,0.3557964574450296,0.2548829787234042,0.15078989544365143,1.6975,400
f0.075_init5_b5,0.075,5,5,35,6,1,ecfp4,greedy,15.108341843971631,5.235637741059293,2.518056973995272,0.8726062901765493,3.116404255319149,0.7083548005538569,20.755,400
f0.075_init5_b5,0.075,5,5,35,6,2,ecfp4,epsilon_greedy,14.293748606889565,4.964715227919449,2.382291434481594,0.8274525379865746,2.9621231003039514,0.6627462023214369,19.7275,400
f0.075_init5_b5,0.075,5,5,35,6,3,mace_fp,greedy,12.297840957446809,3.739863662510791,2.049640159574468,0.6233106104184652,2.554085106382979,0.5351323333366932,17.01,400
f0.075_init5_b5,0.075,5,5,35,6,4,mace_fp,epsilon_greedy,11.78611051165147,3.5930077311261455,1.9643517519419118,0.5988346218543578,2.439969604863222,0.48814225564335395,16.25,400
f0.075_init5_b5,0.075,5,5,35,6,5,mace_internal_fp,greedy,10.577975202634246,3.7561974399893487,1.7629958671057075,0.6260329066648914,2.1948465045592704,0.574078310848109,14.6175,400
f0.075_init5_b5,0.075,5,5,35,6,6,mace_internal_fp,epsilon_greedy,10.261135764944276,3.681157245002725,1.7101892941573795,0.6135262075004543,2.1426686930091186,0.5417896335264571,14.27,400
f0.075_init5_b5,0.075,5,5,35,6,7,boltz2_affinity,greedy,8.872186195542048,3.4872458902902403,1.4786976992570078,0.5812076483817064,1.6482933130699087,0.5264475925679363,10.9775,400
f0.075_init5_b5,0.075,5,5,35,6,8,ecfp4,bald,8.535920845997975,2.863863149924437,1.4226534743329955,0.47731052498740617,1.8633860182370818,0.4911288794354375,12.41,400
f0.075_init5_b5,0.075,5,5,35,6,9,ecfp4,badge,8.401196985815604,2.743227964724892,1.400199497635934,0.45720466078748223,1.731627659574468,0.3990088591636112,11.5325,400
f0.075_init5_b5,0.075,5,5,35,6,10,boltz2_affinity,epsilon_greedy,8.375333308004054,3.230936331935973,1.395888884667342,0.5384893886559952,1.5548237082066867,0.49163657109585646,10.355,400
f0.075_init5_b5,0.075,5,5,35,6,11,boltz2_affinity,bald,8.05024802431611,3.383517117244214,1.341708004052685,0.5639195195407021,1.5206641337386018,0.5588169775940084,10.1275,400
f0.075_init5_b5,0.075,5,5,35,6,12,boltz2_affinity,badge,7.538705268490376,2.939526681470071,1.2564508780817292,0.489921113578345,1.4016686930091184,0.43084351585501884,9.335,400
f0.075_init5_b5,0.075,5,5,35,6,13,mace_internal_fp,bald,6.930364539007092,2.495525526416776,1.1550607565011821,0.4159209210694627,1.3821489361702128,0.37654022445913143,9.205,400
f0.075_init5_b5,0.075,5,5,35,6,14,mace_internal_fp,badge,6.915824822695035,2.429043750354356,1.1526374704491726,0.40484062505905916,1.3295957446808508,0.32658665686044563,8.855,400
f0.075_init5_b5,0.075,5,5,35,6,15,mace_fp,badge,6.624185891590679,2.0896811992102973,1.1040309819317797,0.34828019986838277,1.3003161094224924,0.3066125609335196,8.66,400
f0.075_init5_b5,0.075,5,5,35,6,16,random,bald,6.074660942249241,2.5067975129336855,1.0124434903748734,0.4177995854889475,0.9943814589665654,0.3334700804735939,6.6225,400
f0.075_init5_b5,0.075,5,5,35,6,17,mace_internal_fp,random,6.056786600810537,2.469980861193128,1.0094644334684229,0.41166347686552135,0.9981352583586626,0.3181474619938622,6.6475,400
f0.075_init5_b5,0.075,5,5,35,6,18,ecfp4,random,6.056786600810537,2.469980861193128,1.0094644334684229,0.41166347686552135,0.9981352583586626,0.3181474619938622,6.6475,400
f0.075_init5_b5,0.075,5,5,35,6,19,boltz2_affinity,random,6.056786600810537,2.469980861193128,1.0094644334684229,0.41166347686552135,0.9981352583586626,0.3181474619938622,6.6475,400
f0.075_init5_b5,0.075,5,5,35,6,20,random,random,6.056786600810537,2.469980861193128,1.0094644334684229,0.41166347686552135,0.9981352583586626,0.3181474619938622,6.6475,400
f0.075_init5_b5,0.075,5,5,35,6,21,mace_fp,random,6.056786600810537,2.469980861193128,1.0094644334684229,0.41166347686552135,0.9981352583586626,0.3181474619938622,6.6475,400
f0.075_init5_b5,0.075,5,5,35,6,22,random,badge,5.9685222644376905,2.514446828137359,0.9947537107396149,0.4190744713562266,0.9910030395136777,0.33818150864433316,6.6,400
f0.075_init5_b5,0.075,5,5,35,6,23,random,epsilon_greedy,5.927055293819656,2.4644149518221434,0.9878425489699425,0.4107358253036907,0.9846215805471124,0.33301904804436455,6.5575,400
f0.075_init5_b5,0.075,5,5,35,6,24,random,greedy,5.925572543059777,2.4624297964306963,0.9875954238432962,0.41040496607178284,0.9703571428571428,0.32967319921403954,6.4625,400
f0.075_init5_b5,0.075,5,5,35,6,25,mace_fp,bald,5.618374113475178,1.6789789229387866,0.9363956855791963,0.2798298204897978,1.1587978723404255,0.3204286414762627,7.7175,400
f0.075_init5_b5,0.075,5,5,35,6,26,random,coreset,5.604641464032421,2.336002843146992,0.9341069106720703,0.3893338071911654,0.971483282674772,0.29012507510624835,6.47,400
f0.075_init5_b5,0.075,5,5,35,6,27,boltz2_affinity,coreset,5.20936638804458,2.184598783313604,0.8682277313407633,0.364099797218934,0.8614969604863222,0.2728409881352987,5.7375,400
f0.075_init5_b5,0.075,5,5,35,6,28,mace_internal_fp,coreset,5.197047669706181,1.8282806755525234,0.8661746116176967,0.3047134459254206,0.6456534954407295,0.19046365630424594,4.3,400
f0.075_init5_b5,0.075,5,5,35,6,29,ecfp4,coreset,4.039113171225938,1.6438721440133057,0.6731855285376562,0.27397869066888425,0.6190015197568389,0.19001775496316392,4.1225,400
f0.075_init5_b5,0.075,5,5,35,6,30,mace_fp,coreset,3.166461170212766,1.9803262274752205,0.5277435283687943,0.33005437124587034,0.2548829787234042,0.15078989544365143,1.6975,400
f0.10_init10_b10,0.10,10,10,40,3,1,ecfp4,greedy,6.860381205673759,2.0887889188859465,2.2867937352245864,0.6962629729619823,2.8956808510638297,0.5905501908435237,22.04,400
f0.10_init10_b10,0.10,10,10,40,3,2,ecfp4,epsilon_greedy,6.4987495567375895,1.9627916006599941,2.1662498522458633,0.6542638668866653,2.7294813829787232,0.5594153820429861,20.775,400
f0.10_init10_b10,0.10,10,10,40,3,3,mace_fp,greedy,5.8640602836879445,1.824639340585597,1.9546867612293144,0.6082131135285322,2.3859148936170214,0.5445240956678556,18.16,400
f0.10_init10_b10,0.10,10,10,40,3,4,mace_fp,epsilon_greedy,5.606330673758865,1.718707732057283,1.8687768912529552,0.5729025773524278,2.280808510638298,0.5054814936784533,17.36,400
f0.10_init10_b10,0.10,10,10,40,3,5,mace_internal_fp,greedy,5.269223847517731,1.7540897598223404,1.756407949172577,0.584696586607447,2.1513962765957446,0.5618076234412918,16.375,400
f0.10_init10_b10,0.10,10,10,40,3,6,mace_internal_fp,epsilon_greedy,5.035800088652483,1.6698640933523896,1.6786000295508277,0.5566213644507967,2.0633696808510638,0.5146850149597874,15.705,400
f0.10_init10_b10,0.10,10,10,40,3,7,boltz2_affinity,greedy,4.317025709219859,1.6227796725681272,1.4390085697399528,0.5409265575227094,1.6199521276595745,0.4968614286602946,12.33,400
f0.10_init10_b10,0.10,10,10,40,3,8,ecfp4,bald,4.270275265957447,1.3901812366156379,1.4234250886524822,0.4633937455385463,1.7992898936170212,0.46910985924533016,13.695,400
f0.10_init10_b10,0.10,10,10,40,3,9,boltz2_affinity,epsilon_greedy,4.246243129432624,1.5920277662941702,1.4154143764775415,0.5306759220980569,1.5650997340425534,0.4705438972216967,11.9125,400
f0.10_init10_b10,0.10,10,10,40,3,10,ecfp4,badge,4.168234485815603,1.1993708407346533,1.389411495271868,0.3997902802448843,1.688928191489362,0.38180462636029616,12.855,400
f0.10_init10_b10,0.10,10,10,40,3,11,boltz2_affinity,bald,3.8888266843971633,1.4995625043988863,1.296275561465721,0.4998541681329622,1.4419281914893616,0.5077695778547038,10.975,400
f0.10_init10_b10,0.10,10,10,40,3,12,boltz2_affinity,badge,3.8295948581560286,1.33441105089947,1.2765316193853429,0.4448036836331569,1.4281329787234043,0.418542356643745,10.87,400
f0.10_init10_b10,0.10,10,10,40,3,13,mace_internal_fp,badge,3.6271008421985815,1.0301242162568014,1.209033614066194,0.3433747387522669,1.371309840425532,0.3055782187360602,10.4375,400
f0.10_init10_b10,0.10,10,10,40,3,14,mace_fp,badge,3.4939660904255323,0.9277989236215562,1.1646553634751775,0.30926630787385223,1.3555438829787234,0.29857790795280564,10.3175,400
f0.10_init10_b10,0.10,10,10,40,3,15,mace_internal_fp,bald,3.458930629432624,1.120218929013329,1.1529768764775414,0.3734063096711096,1.346347074468085,0.3766084712219051,10.2475,400
f0.10_init10_b10,0.10,10,10,40,3,16,random,badge,3.0549827127659572,1.135834230771641,1.018327570921986,0.37861141025721357,1.0044228723404256,0.2957325965783908,7.645,400
f0.10_init10_b10,0.10,10,10,40,3,17,mace_internal_fp,random,3.0352205230496456,1.184570457626653,1.011740174349882,0.39485681920888444,0.9916130319148937,0.3159261903053461,7.5475,400
f0.10_init10_b10,0.10,10,10,40,3,18,ecfp4,random,3.0352205230496456,1.184570457626653,1.011740174349882,0.39485681920888444,0.9916130319148937,0.3159261903053461,7.5475,400
f0.10_init10_b10,0.10,10,10,40,3,19,boltz2_affinity,random,3.0352205230496456,1.184570457626653,1.011740174349882,0.39485681920888444,0.9916130319148937,0.3159261903053461,7.5475,400
f0.10_init10_b10,0.10,10,10,40,3,20,random,random,3.0352205230496456,1.184570457626653,1.011740174349882,0.39485681920888444,0.9916130319148937,0.3159261903053461,7.5475,400
f0.10_init10_b10,0.10,10,10,40,3,21,mace_fp,random,3.0352205230496456,1.184570457626653,1.011740174349882,0.39485681920888444,0.9916130319148937,0.3159261903053461,7.5475,400
f0.10_init10_b10,0.10,10,10,40,3,22,random,greedy,2.965806515957447,1.1818555193337315,0.9886021719858157,0.39395183977791043,0.974533244680851,0.3236494991723685,7.4175,400
f0.10_init10_b10,0.10,10,10,40,3,23,random,epsilon_greedy,2.963726285460993,1.160563985318396,0.987908761820331,0.38685466177279865,0.973876329787234,0.32242142542675445,7.4125,400
f0.10_init10_b10,0.10,10,10,40,3,24,random,bald,2.953215647163121,1.163941548629529,0.9844052157210403,0.38798051620984314,0.973876329787234,0.30674397901335143,7.4125,400
f0.10_init10_b10,0.10,10,10,40,3,25,random,coreset,2.924420877659575,1.1777875038196448,0.9748069592198583,0.3925958346065484,0.9889853723404255,0.28997929802143474,7.5275,400
f0.10_init10_b10,0.10,10,10,40,3,26,mace_fp,bald,2.8789842641843975,0.9046195490922249,0.9596614213947992,0.30153984969740805,1.1328497340425532,0.31721760214356565,8.6225,400
f0.10_init10_b10,0.10,10,10,40,3,27,boltz2_affinity,coreset,2.78838475177305,1.0593522091160408,0.92946158392435,0.3531174030386801,0.8776382978723405,0.26903316346630446,6.68,400
f0.10_init10_b10,0.10,10,10,40,3,28,mace_internal_fp,coreset,2.6915445478723403,0.9454050020026245,0.8971815159574469,0.31513500066754124,0.7124242021276597,0.1873799015550772,5.4225,400
f0.10_init10_b10,0.10,10,10,40,3,29,ecfp4,coreset,2.145648271276596,0.868002457287786,0.7152160904255319,0.2893341524292619,0.6257114361702127,0.1953865362544064,4.7625,400
f0.10_init10_b10,0.10,10,10,40,3,30,mace_fp,coreset,1.885017287234043,0.9985674845285045,0.6283390957446808,0.332855828176168,0.3580186170212766,0.1764588696526288,2.725,400
f0.10_init10_b5,0.10,10,5,45,7,1,ecfp4,greedy,17.304454213103682,4.138716017742185,2.4720648875862405,0.5912451453917406,3.0177210401891257,0.48451551525718334,25.84,400
f0.10_init10_b5,0.10,10,5,45,7,2,ecfp4,epsilon_greedy,16.332227469604863,3.8813748137962327,2.3331753528006947,0.5544821162566049,2.8501347517730498,0.4706528634676906,24.405,400
f0.10_init10_b5,0.10,10,5,45,7,3,mace_fp,greedy,14.638279614150626,3.5221443212532666,2.091182802021518,0.5031634744647525,2.5520413711583925,0.46273923161339303,21.8525,400
f0.10_init10_b5,0.10,10,5,45,7,4,mace_fp,epsilon_greedy,14.034581083248902,3.3172008581876797,2.0049401547498436,0.4738858368839549,2.4346725768321513,0.41677776197715877,20.8475,400
f0.10_init10_b5,0.10,10,5,45,7,5,mace_internal_fp,greedy,13.30132537993921,3.677266135044595,1.9001893399913157,0.5253237335777994,2.2956985815602837,0.47627288637503307,19.6575,400
f0.10_init10_b5,0.10,10,5,45,7,6,mace_internal_fp,epsilon_greedy,12.815057163964877,3.4956673491390857,1.8307224519949825,0.4993810498770121,2.2048983451536643,0.4353325538716824,18.88,400
f0.10_init10_b5,0.10,10,5,45,7,7,ecfp4,bald,11.025191392266127,2.7052420405783395,1.575027341752304,0.38646314865404846,1.9389208037825059,0.36744094470649974,16.6025,400
f0.10_init10_b5,0.10,10,5,45,7,8,ecfp4,badge,10.459516763762242,2.587269872955557,1.4942166805374633,0.3696099818507939,1.7652033096926716,0.3196259427846049,15.115,400
f0.10_init10_b5,0.10,10,5,45,7,9,boltz2_affinity,greedy,10.020694486659913,3.321249348594276,1.431527783808559,0.47446419265632517,1.614550827423168,0.4352347857561145,13.825,400
f0.10_init10_b5,0.10,10,5,45,7,10,boltz2_affinity,epsilon_greedy,9.59775286643026,3.1039329179414956,1.37110755234718,0.4434189882773563,1.5526548463356975,0.393382009524151,13.295,400
f0.10_init10_b5,0.10,10,5,45,7,11,boltz2_affinity,bald,9.412860520094563,3.4500818115972947,1.344694360013509,0.492868830228185,1.4533877068557919,0.4648946117009276,12.445,400
f0.10_init10_b5,0.10,10,5,45,7,12,boltz2_affinity,badge,8.968927862208714,2.9693078278211056,1.2812754088869591,0.4241868325458724,1.4066737588652485,0.3699161013503521,12.045,400
f0.10_init10_b5,0.10,10,5,45,7,13,mace_internal_fp,badge,8.621026777271192,2.2603656877211535,1.2315752538958846,0.32290938396016494,1.4168924349881797,0.28245447920165667,12.1325,400
f0.10_init10_b5,0.10,10,5,45,7,14,mace_internal_fp,bald,8.477661879432624,2.1355874634074277,1.2110945542046607,0.3050839233439182,1.4609787234042555,0.28629983710145424,12.51,400
f0.10_init10_b5,0.10,10,5,45,7,15,mace_fp,badge,8.395836351739277,2.075351192808489,1.1994051931056111,0.2964787418297841,1.416016548463357,0.275827983688346,12.125,400
f0.10_init10_b5,0.10,10,5,45,7,16,mace_fp,bald,7.495982860520095,1.837790366993081,1.0708546943600137,0.26254148099901176,1.3211288416075648,0.2725986249085601,11.3125,400
f0.10_init10_b5,0.10,10,5,45,7,17,boltz2_affinity,random,6.99614465974333,2.559739575742466,0.99944923710619,0.3656770822489236,0.9938392434988179,0.2944227285900253,8.51,400
f0.10_init10_b5,0.10,10,5,45,7,18,ecfp4,random,6.99614465974333,2.559739575742466,0.99944923710619,0.3656770822489236,0.9938392434988179,0.2944227285900253,8.51,400
f0.10_init10_b5,0.10,10,5,45,7,19,random,random,6.99614465974333,2.559739575742466,0.99944923710619,0.3656770822489236,0.9938392434988179,0.2944227285900253,8.51,400
f0.10_init10_b5,0.10,10,5,45,7,20,mace_fp,random,6.99614465974333,2.559739575742466,0.99944923710619,0.3656770822489236,0.9938392434988179,0.2944227285900253,8.51,400
f0.10_init10_b5,0.10,10,5,45,7,21,mace_internal_fp,random,6.99614465974333,2.559739575742466,0.99944923710619,0.3656770822489236,0.9938392434988179,0.2944227285900253,8.51,400
f0.10_init10_b5,0.10,10,5,45,7,22,random,epsilon_greedy,6.993109295845999,2.563854122309052,0.9990156136922854,0.36626487461557855,0.988,0.2956623794506827,8.46,400
f0.10_init10_b5,0.10,10,5,45,7,23,random,bald,6.945005399358325,2.4870269862385044,0.9921436284797608,0.35528956946264373,0.9859562647754138,0.28919348027985486,8.4425,400
f0.10_init10_b5,0.10,10,5,45,7,24,random,badge,6.9379649400540355,2.550070042383944,0.991137848579148,0.36429572034056357,0.9952990543735224,0.2946454095694872,8.5225,400
f0.10_init10_b5,0.10,10,5,45,7,25,random,greedy,6.92061091691996,2.5274752551786834,0.988658702417137,0.36106789359695496,0.9836205673758865,0.2983232190568253,8.4225,400
f0.10_init10_b5,0.10,10,5,45,7,26,random,coreset,6.784882915400203,2.546424119648015,0.9692689879143147,0.3637748742354309,0.9836205673758865,0.2698043191997847,8.4225,400
f0.10_init10_b5,0.10,10,5,45,7,27,boltz2_affinity,coreset,6.3737303107058425,2.2329314226580173,0.910532901529406,0.3189902032368596,0.8817257683215131,0.24797946310116006,7.55,400
f0.10_init10_b5,0.10,10,5,45,7,28,mace_internal_fp,coreset,6.1522988981762925,1.9732599291016968,0.8788998425966131,0.2818942755859567,0.7059645390070922,0.16548852828275776,6.045,400
f0.10_init10_b5,0.10,10,5,45,7,29,ecfp4,coreset,4.818063040357988,1.82681815082283,0.688294720051141,0.26097402154611865,0.606405437352246,0.17067313480767188,5.1925,400
f0.10_init10_b5,0.10,10,5,45,7,30,mace_fp,coreset,4.129321141506248,2.107131345695024,0.5899030202151783,0.3010187636707178,0.3185307328605201,0.15658486863675802,2.7275,400
f0.10_init20_b5,0.10,20,5,45,5,1,ecfp4,greedy,9.950757033096927,1.911908906673308,1.9901514066193855,0.3823817813346614,2.5651796690307327,0.3601929462793527,21.965,400
f0.10_init20_b5,0.10,20,5,45,5,2,ecfp4,epsilon_greedy,9.432667025498143,1.9255936584125455,1.8865334050996285,0.38511873168250904,2.4136513002364066,0.3497578598291922,20.6675,400
f0.10_init20_b5,0.10,20,5,45,5,3,mace_fp,greedy,9.136555859506924,1.8528974095410005,1.8273111719013846,0.3705794819082003,2.2556997635933804,0.36051546103695126,19.315,400
f0.10_init20_b5,0.10,20,5,45,5,4,mace_fp,epsilon_greedy,8.768874337217156,1.8603882999751122,1.7537748674434315,0.3720776599950221,2.1558486997635935,0.3677925378348286,18.46,400
f0.10_init20_b5,0.10,20,5,45,5,5,mace_internal_fp,greedy,8.504902993076662,1.9969565833447351,1.7009805986153328,0.39939131666894706,2.0895732860520098,0.4048239955511494,17.8925,400
f0.10_init20_b5,0.10,20,5,45,5,6,mace_internal_fp,epsilon_greedy,8.178528904930767,1.9214459028874697,1.6357057809861533,0.38428918057749384,1.9888463356973998,0.3862109569980567,17.03,400
f0.10_init20_b5,0.10,20,5,45,5,7,ecfp4,bald,7.087216003883823,1.4339672740607396,1.4174432007767646,0.286793454812148,1.7021394799054375,0.3015230673556954,14.575,400
f0.10_init20_b5,0.10,20,5,45,5,8,ecfp4,badge,6.808276384667343,1.4785285005365727,1.3616552769334682,0.29570570010731456,1.5833108747044917,0.2926011582467414,13.5575,400
f0.10_init20_b5,0.10,20,5,45,5,9,boltz2_affinity,greedy,6.500783907463695,1.7283844686920384,1.300156781492739,0.3456768937384076,1.4913427895981086,0.321126593658736,12.77,400
f0.10_init20_b5,0.10,20,5,45,5,10,boltz2_affinity,epsilon_greedy,6.28617189716312,1.6750466243555204,1.2572343794326242,0.3350093248711041,1.4206879432624115,0.29749206395034977,12.165,400
f0.10_init20_b5,0.10,20,5,45,5,11,boltz2_affinity,bald,6.232542616514691,1.7359231930120262,1.2465085233029383,0.34718463860240506,1.3821489361702128,0.3596991290779499,11.835,400
f0.10_init20_b5,0.10,20,5,45,5,12,boltz2_affinity,badge,5.951309008780818,1.6828791331685573,1.1902618017561635,0.33657582663371155,1.292516548463357,0.31707408743039184,11.0675,400
f0.10_init20_b5,0.10,20,5,45,5,13,mace_fp,badge,5.8651259456264775,1.2633945507424873,1.1730251891252954,0.2526789101484974,1.3316394799054374,0.23547889955361373,11.4025,400
f0.10_init20_b5,0.10,20,5,45,5,14,mace_internal_fp,bald,5.844982640999663,1.360464584330792,1.1689965281999326,0.27209291686615844,1.335434988179669,0.2576673593903959,11.435,400
f0.10_init20_b5,0.10,20,5,45,5,15,mace_internal_fp,badge,5.792001933468423,1.3553090534060128,1.1584003866936845,0.27106181068120255,1.3062387706855794,0.24051385209168194,11.185,400
f0.10_init20_b5,0.10,20,5,45,5,16,mace_fp,bald,5.297175054880109,1.1503282682388858,1.0594350109760216,0.23006565364777729,1.234708037825059,0.2416189736034296,10.5725,400
f0.10_init20_b5,0.10,20,5,45,5,17,random,badge,5.047504643701452,1.575864745152961,1.0095009287402903,0.3151729490305923,1.0005543735224587,0.2919871991977568,8.5675,400
f0.10_init20_b5,0.10,20,5,45,5,18,random,bald,5.043907252617359,1.6702375658851274,1.0087814505234718,0.3340475131770255,1.0014302600472813,0.2894931058734963,8.575,400
f0.10_init20_b5,0.10,20,5,45,5,19,random,epsilon_greedy,5.027488551165146,1.5694380026225632,1.0054977102330294,0.3138876005245128,0.9941312056737588,0.28914974354724077,8.5125,400
f0.10_init20_b5,0.10,20,5,45,5,20,random,greedy,4.978370086119554,1.5676115409020557,0.9956740172239108,0.313522308180411,0.9818687943262411,0.28333653706473844,8.4075,400
f0.10_init20_b5,0.10,20,5,45,5,21,boltz2_affinity,random,4.97476331053698,1.661814867699325,0.9949526621073962,0.33236297353986494,0.9888758865248226,0.2894829216297583,8.4675,400
f0.10_init20_b5,0.10,20,5,45,5,22,ecfp4,random,4.97476331053698,1.661814867699325,0.9949526621073962,0.33236297353986494,0.9888758865248226,0.2894829216297583,8.4675,400
f0.10_init20_b5,0.10,20,5,45,5,23,random,random,4.97476331053698,1.661814867699325,0.9949526621073962,0.33236297353986494,0.9888758865248226,0.2894829216297583,8.4675,400
f0.10_init20_b5,0.10,20,5,45,5,24,mace_internal_fp,random,4.97476331053698,1.661814867699325,0.9949526621073962,0.33236297353986494,0.9888758865248226,0.2894829216297583,8.4675,400
f0.10_init20_b5,0.10,20,5,45,5,25,mace_fp,random,4.97476331053698,1.661814867699325,0.9949526621073962,0.33236297353986494,0.9888758865248226,0.2894829216297583,8.4675,400
f0.10_init20_b5,0.10,20,5,45,5,26,random,coreset,4.783286174434313,1.6309369571647778,0.9566572348868625,0.3261873914329557,0.9553002364066194,0.28432783549223356,8.18,400
f0.10_init20_b5,0.10,20,5,45,5,27,mace_internal_fp,coreset,4.775112276258021,1.4089011814620012,0.9550224552516042,0.2817802362924001,0.8169101654846336,0.20504582173314154,6.995,400
f0.10_init20_b5,0.10,20,5,45,5,28,boltz2_affinity,coreset,4.629264657210402,1.4869745828986702,0.9258529314420804,0.29739491657973416,0.8896087470449173,0.2548775007119397,7.6175,400
f0.10_init20_b5,0.10,20,5,45,5,29,ecfp4,coreset,3.8273832446808513,1.381178064777131,0.7654766489361703,0.27623561295542615,0.666549645390071,0.21662082719685663,5.7075,400
f0.10_init20_b5,0.10,20,5,45,5,30,mace_fp,coreset,3.8191603385680515,1.446340892937013,0.7638320677136103,0.28926817858740256,0.5357505910165484,0.1997210919551434,4.5875,400
f0.10_init5_b10,0.10,5,10,45,4,1,ecfp4,greedy,9.912920820668694,3.445483718713453,2.4782302051671734,0.8613709296783634,3.0209326241134757,0.6417904519210434,25.8675,400
f0.10_init5_b10,0.10,5,10,45,4,2,ecfp4,epsilon_greedy,9.389061431948667,3.261690594131257,2.3472653579871667,0.8154226485328142,2.884586288416076,0.5970361732177353,24.7,400
f0.10_init5_b10,0.10,5,10,45,4,3,mace_fp,greedy,8.112752955082742,2.5685627118763787,2.0281882387706855,0.6421406779690947,2.495108747044917,0.5394920685840916,21.365,400
f0.10_init5_b10,0.10,5,10,45,4,4,mace_fp,epsilon_greedy,7.774043465045593,2.4579432611119763,1.9435108662613982,0.6144858152779943,2.3981773049645394,0.48774122567942846,20.535,400
f0.10_init5_b10,0.10,5,10,45,4,5,mace_internal_fp,greedy,7.037744056062142,2.507438088326678,1.7594360140155354,0.6268595220816695,2.1584763593380614,0.5498212146045223,18.4825,400
f0.10_init5_b10,0.10,5,10,45,4,6,mace_internal_fp,epsilon_greedy,6.844135596082404,2.3965768412699773,1.711033899020601,0.5991442103174944,2.113806146572104,0.5119660774005904,18.1,400
f0.10_init5_b10,0.10,5,10,45,4,7,boltz2_affinity,greedy,6.210477575143533,2.2633630161955285,1.5526193937858832,0.5658407540488821,1.7155697399527188,0.4674159938116698,14.69,400
f0.10_init5_b10,0.10,5,10,45,4,8,boltz2_affinity,epsilon_greedy,6.061764555893279,2.1914966872632924,1.5154411389733198,0.5478741718158231,1.6463747044917258,0.42768658059332876,14.0975,400
f0.10_init5_b10,0.10,5,10,45,4,9,ecfp4,badge,5.574196065518406,1.559901174909047,1.3935490163796016,0.38997529372726175,1.767247044917258,0.3800701164503624,15.1325,400
f0.10_init5_b10,0.10,5,10,45,4,10,ecfp4,bald,5.541796605876393,1.8661381148383263,1.3854491514690983,0.46653452870958156,1.8525,0.45118740667996377,15.8625,400
f0.10_init5_b10,0.10,5,10,45,4,11,boltz2_affinity,bald,5.370702600472813,2.2021251435555635,1.3426756501182033,0.5505312858888909,1.536888888888889,0.515749778262331,13.16,400
f0.10_init5_b10,0.10,5,10,45,4,12,boltz2_affinity,badge,5.246364251941912,1.8918946596826387,1.311591062985478,0.4729736649206596,1.4641903073286053,0.42464828531161913,12.5375,400
f0.10_init5_b10,0.10,5,10,45,4,13,mace_internal_fp,badge,4.818777304964539,1.4407605756703934,1.2046943262411347,0.36019014391759835,1.4434609929078013,0.3093795172346081,12.36,400
f0.10_init5_b10,0.10,5,10,45,4,14,mace_fp,badge,4.588498395812226,1.2135821349902798,1.1471245989530565,0.30339553374756995,1.413388888888889,0.31150666319818904,12.1025,400
f0.10_init5_b10,0.10,5,10,45,4,15,mace_internal_fp,bald,4.579168118878758,1.5015705839950617,1.1447920297196894,0.3753926459987655,1.4148486997635934,0.3278615098641886,12.115,400
f0.10_init5_b10,0.10,5,10,45,4,16,random,badge,4.055308730158731,1.5185909215728821,1.0138271825396825,0.37964773039322053,1.0034739952718676,0.28729013169322265,8.5925,400
f0.10_init5_b10,0.10,5,10,45,4,17,mace_internal_fp,random,4.046554035798717,1.5531454102222453,1.0116385089496793,0.3882863525555614,0.9979267139479906,0.3023969801887987,8.545,400
f0.10_init5_b10,0.10,5,10,45,4,18,ecfp4,random,4.046554035798717,1.5531454102222453,1.0116385089496793,0.3882863525555614,0.9979267139479906,0.3023969801887987,8.545,400
f0.10_init5_b10,0.10,5,10,45,4,19,boltz2_affinity,random,4.046554035798717,1.5531454102222453,1.0116385089496793,0.3882863525555614,0.9979267139479906,0.3023969801887987,8.545,400
f0.10_init5_b10,0.10,5,10,45,4,20,random,random,4.046554035798717,1.5531454102222453,1.0116385089496793,0.3882863525555614,0.9979267139479906,0.3023969801887987,8.545,400
f0.10_init5_b10,0.10,5,10,45,4,21,mace_fp,random,4.046554035798717,1.5531454102222453,1.0116385089496793,0.3882863525555614,0.9979267139479906,0.3023969801887987,8.545,400
f0.10_init5_b10,0.10,5,10,45,4,22,random,epsilon_greedy,4.040427001013171,1.4843991833654129,1.0101067502532928,0.3710997958413532,0.9976347517730497,0.2735587058745097,8.5425,400
f0.10_init5_b10,0.10,5,10,45,4,23,random,greedy,4.011243296183722,1.4954863069395168,1.0028108240459306,0.3738715767348792,0.9804089834515366,0.2758180694413407,8.395,400
f0.10_init5_b10,0.10,5,10,45,4,24,random,bald,3.9470616683552855,1.5646559861866607,0.9867654170888214,0.39116399654666517,0.9780732860520095,0.2883099268920586,8.375,400
f0.10_init5_b10,0.10,5,10,45,4,25,random,coreset,3.825267561634583,1.4070076844171873,0.9563168904086458,0.3517519211042968,0.993547281323877,0.253768661847847,8.5075,400
f0.10_init5_b10,0.10,5,10,45,4,26,mace_fp,bald,3.705150151975684,1.0505069325089138,0.926287537993921,0.26262673312722845,1.2087234042553192,0.37175087925110073,10.35,400
f0.10_init5_b10,0.10,5,10,45,4,27,boltz2_affinity,coreset,3.504484549138805,1.343885308306662,0.8761211372847012,0.3359713270766655,0.8680035460992908,0.24276782107571648,7.4325,400
f0.10_init5_b10,0.10,5,10,45,4,28,mace_internal_fp,coreset,3.198629145558933,1.1133557936442102,0.7996572863897332,0.27833894841105256,0.6469881796690308,0.16342771970154268,5.54,400
f0.10_init5_b10,0.10,5,10,45,4,29,ecfp4,coreset,2.6759626308679505,1.0061427719760778,0.6689906577169874,0.25153569299401946,0.5777931442080378,0.1533423092705837,4.9475,400
f0.10_init5_b10,0.10,5,10,45,4,30,mace_fp,coreset,1.8179608747044922,1.1992727909533865,0.45449021867612294,0.2998181977383466,0.20349763593380615,0.11988684035165645,1.7425,400
f0.10_init5_b5,0.10,5,5,45,8,1,ecfp4,greedy,21.39253569739953,6.333288770853979,2.6740669621749413,0.7916610963567473,3.153483451536643,0.5675376422626278,27.0025,400
f0.10_init5_b5,0.10,5,5,45,8,2,ecfp4,epsilon_greedy,20.286063703140833,6.031846463386585,2.535757962892604,0.7539808079233231,3.015677304964539,0.5505208003589394,25.8225,400
f0.10_init5_b5,0.10,5,5,45,8,3,mace_fp,greedy,17.516701329787235,4.5573775023870216,2.1895876662234044,0.5696721877983777,2.6670744680851066,0.4746322637227489,22.8375,400
f0.10_init5_b5,0.10,5,5,45,8,4,mace_fp,epsilon_greedy,16.77974292046606,4.339690600181972,2.0974678650582574,0.5424613250227466,2.5514574468085107,0.41898632766343685,21.8475,400
f0.10_init5_b5,0.10,5,5,45,8,5,mace_internal_fp,greedy,15.0892026806822,4.589529882294922,1.886150335085275,0.5736912352868654,2.291611111111111,0.48041468052122355,19.6225,400
f0.10_init5_b5,0.10,5,5,45,8,6,mace_internal_fp,epsilon_greedy,14.66766352161432,4.49322074000777,1.83345794020179,0.5616525925009713,2.248692671394799,0.45991220543391154,19.255,400
f0.10_init5_b5,0.10,5,5,45,8,7,ecfp4,bald,12.418366071428572,3.53139608765954,1.5522957589285715,0.44142451095744245,2.0040283687943266,0.41546601331685873,17.16,400
f0.10_init5_b5,0.10,5,5,45,8,8,boltz2_affinity,greedy,12.198266214961164,4.360662735132238,1.5247832768701455,0.5450828418915298,1.6779066193853427,0.5046691525425239,14.3675,400
f0.10_init5_b5,0.10,5,5,45,8,9,ecfp4,badge,11.967879905437353,3.281838150885126,1.4959849881796692,0.4102297688606408,1.8294349881796692,0.33469224013030796,15.665,400
f0.10_init5_b5,0.10,5,5,45,8,10,boltz2_affinity,epsilon_greedy,11.52884282759203,4.026507508332244,1.4411053534490037,0.5033134385415305,1.5917777777777777,0.45570296398068255,13.63,400
f0.10_init5_b5,0.10,5,5,45,8,11,boltz2_affinity,bald,11.088432484802432,4.257955521380707,1.386054060600304,0.5322444401725883,1.508276595744681,0.521134818876565,12.915,400
f0.10_init5_b5,0.10,5,5,45,8,12,boltz2_affinity,badge,10.371775873860184,3.5647709957477334,1.296471984232523,0.44559637446846667,1.431198581560284,0.368657246841974,12.255,400
f0.10_init5_b5,0.10,5,5,45,8,13,mace_internal_fp,bald,9.810972842789598,2.9199685803499316,1.2263716053486997,0.36499607254374145,1.4919267139479906,0.3329843490885719,12.775,400
f0.10_init5_b5,0.10,5,5,45,8,14,mace_internal_fp,badge,9.659174408983452,2.7902948410874093,1.2073968011229315,0.348786855135926,1.4125130023640662,0.275991517345873,12.095,400
f0.10_init5_b5,0.10,5,5,45,8,15,mace_fp,badge,9.347603845829113,2.435273335931692,1.168450480728639,0.3044091669914615,1.4236075650118203,0.26929469186021954,12.19,400
f0.10_init5_b5,0.10,5,5,45,8,16,mace_fp,bald,8.12884736997636,2.012481093891516,1.016105921247045,0.25156013673643957,1.344193853427896,0.288677823069036,11.51,400
f0.10_init5_b5,0.10,5,5,45,8,17,random,bald,8.072318279297535,2.974269522271209,1.009039784912192,0.3717836902839012,0.9973427895981088,0.2848275164159369,8.54,400
f0.10_init5_b5,0.10,5,5,45,8,18,ecfp4,random,8.069751097602161,2.9219991012647752,1.0087188872002701,0.36524988765809696,1.0031820330969268,0.2786029761439806,8.59,400
f0.10_init5_b5,0.10,5,5,45,8,19,mace_internal_fp,random,8.069751097602161,2.9219991012647752,1.0087188872002701,0.36524988765809696,1.0031820330969268,0.2786029761439806,8.59,400
f0.10_init5_b5,0.10,5,5,45,8,20,random,random,8.069751097602161,2.9219991012647752,1.0087188872002701,0.36524988765809696,1.0031820330969268,0.2786029761439806,8.59,400
f0.10_init5_b5,0.10,5,5,45,8,21,boltz2_affinity,random,8.069751097602161,2.9219991012647752,1.0087188872002701,0.36524988765809696,1.0031820330969268,0.2786029761439806,8.59,400
f0.10_init5_b5,0.10,5,5,45,8,22,mace_fp,random,8.069751097602161,2.9219991012647752,1.0087188872002701,0.36524988765809696,1.0031820330969268,0.2786029761439806,8.59,400
f0.10_init5_b5,0.10,5,5,45,8,23,random,badge,7.940221035967579,3.010770892050977,0.9925276294959474,0.37634636150637213,0.9836205673758865,0.29113252605127343,8.4225,400
f0.10_init5_b5,0.10,5,5,45,8,24,random,epsilon_greedy,7.899249358324891,2.957155058923288,0.9874061697906114,0.369644382365411,0.9877080378250591,0.28685552035986667,8.4575,400
f0.10_init5_b5,0.10,5,5,45,8,25,random,greedy,7.86964960739615,2.9392822118442017,0.9837062009245188,0.3674102764805252,0.9713581560283688,0.28538606648587705,8.3175,400
f0.10_init5_b5,0.10,5,5,45,8,26,random,coreset,7.570886799223235,2.728207539738013,0.9463608499029044,0.3410259424672517,0.993547281323877,0.253768661847847,8.5075,400
f0.10_init5_b5,0.10,5,5,45,8,27,boltz2_affinity,coreset,6.928106003039514,2.555620838294695,0.8660132503799391,0.31945260478683685,0.8680035460992908,0.24276782107571648,7.4325,400
f0.10_init5_b5,0.10,5,5,45,8,28,mace_internal_fp,coreset,6.472364517899358,2.0876510721869406,0.8090455647374197,0.2609563840233676,0.6469881796690308,0.16342771970154268,5.54,400
f0.10_init5_b5,0.10,5,5,45,8,29,ecfp4,coreset,5.23431768405944,1.87447057559419,0.6542897105074299,0.23430882194927374,0.5777931442080378,0.1533423092705837,4.9475,400
f0.10_init5_b5,0.10,5,5,45,8,30,mace_fp,coreset,3.6203163711583928,2.244075465779803,0.4525395463947991,0.28050943322247546,0.20349763593380615,0.11988684035165645,1.7425,400
f0.125_init10_b10,0.125,10,10,60,5,1,ecfp4,greedy,12.781045656028368,2.975542357227313,2.556209131205674,0.595108471445463,2.9992544326241135,0.44574311751585166,34.2425,400
f0.125_init10_b10,0.125,10,10,60,5,2,ecfp4,epsilon_greedy,12.124043173758867,2.7596715503070737,2.4248086347517734,0.5519343100614147,2.8674335106382984,0.3952617363698482,32.7375,400
f0.125_init10_b10,0.125,10,10,60,5,3,mace_fp,greedy,10.847241489361702,2.6878785633924207,2.1694482978723406,0.537575712678484,2.582113475177305,0.4614766526406867,29.48,400
f0.125_init10_b10,0.125,10,10,60,5,4,mace_fp,epsilon_greedy,10.393181914893617,2.488035820513823,2.0786363829787233,0.49760716410276457,2.4827003546099293,0.40905402304829025,28.345,400
f0.125_init10_b10,0.125,10,10,60,5,5,mace_internal_fp,greedy,9.718727393617023,2.569761671576029,1.9437454787234043,0.5139523343152059,2.264823581560284,0.42695850066239116,25.8575,400
f0.125_init10_b10,0.125,10,10,60,5,6,mace_internal_fp,epsilon_greedy,9.328038209219859,2.403700219243611,1.8656076418439718,0.48074004384872215,2.207015070921986,0.4003359163227477,25.1975,400
f0.125_init10_b10,0.125,10,10,60,5,7,ecfp4,bald,8.108585195035461,1.9910691544304515,1.621717039007092,0.39821383088609047,2.015195921985816,0.3609769066441152,23.0075,400
f0.125_init10_b10,0.125,10,10,60,5,8,ecfp4,badge,7.746274734042554,1.711393882582505,1.5492549468085108,0.34227877651650085,1.869360815602837,0.32525557464626165,21.3425,400
f0.125_init10_b10,0.125,10,10,60,5,9,boltz2_affinity,greedy,7.656080319148937,2.4602367367187408,1.5312160638297874,0.49204734734374805,1.7084166666666667,0.45943366242512607,19.505,400
f0.125_init10_b10,0.125,10,10,60,5,10,boltz2_affinity,epsilon_greedy,7.42850310283688,2.307656734507768,1.4857006205673757,0.4615313469015539,1.630462765957447,0.37701899563534585,18.615,400
f0.125_init10_b10,0.125,10,10,60,5,11,boltz2_affinity,bald,6.829593794326241,2.255751853633471,1.3659187588652484,0.45115037072669406,1.4876932624113477,0.4178784681434667,16.985,400
f0.125_init10_b10,0.125,10,10,60,5,12,boltz2_affinity,badge,6.750501241134753,1.9842906458853813,1.3501002482269504,0.3968581291770763,1.4833138297872341,0.35721092219441863,16.935,400
f0.125_init10_b10,0.125,10,10,60,5,13,mace_internal_fp,badge,6.546091223404256,1.3829809865574463,1.3092182446808511,0.2765961973114895,1.5415602836879432,0.2630950320371796,17.6,400
f0.125_init10_b10,0.125,10,10,60,5,14,mace_fp,badge,6.4365835106382985,1.2230854436760867,1.2873167021276597,0.24461708873521718,1.5772526595744683,0.25458881755848956,18.0075,400
f0.125_init10_b10,0.125,10,10,60,5,15,mace_internal_fp,bald,6.350045921985815,1.5348574420824515,1.2700091843971633,0.3069714884164903,1.536523936170213,0.29885961222353286,17.5425,400
f0.125_init10_b10,0.125,10,10,60,5,16,mace_fp,bald,5.440525354609929,1.1884799846435723,1.088105070921986,0.23769599692871426,1.420906914893617,0.2752106746220994,16.2225,400
f0.125_init10_b10,0.125,10,10,60,5,17,random,badge,5.053952836879433,1.5618340103738735,1.0107905673758866,0.31236680207477485,0.9954450354609929,0.23197455318221405,11.365,400
f0.125_init10_b10,0.125,10,10,60,5,18,ecfp4,random,5.015304343971632,1.632108369418143,1.0030608687943263,0.3264216738836286,0.9862482269503546,0.2472315711315853,11.26,400
f0.125_init10_b10,0.125,10,10,60,5,19,mace_internal_fp,random,5.015304343971632,1.632108369418143,1.0030608687943263,0.3264216738836286,0.9862482269503546,0.2472315711315853,11.26,400
f0.125_init10_b10,0.125,10,10,60,5,20,random,random,5.015304343971632,1.632108369418143,1.0030608687943263,0.3264216738836286,0.9862482269503546,0.2472315711315853,11.26,400
f0.125_init10_b10,0.125,10,10,60,5,21,boltz2_affinity,random,5.015304343971632,1.632108369418143,1.0030608687943263,0.3264216738836286,0.9862482269503546,0.2472315711315853,11.26,400
f0.125_init10_b10,0.125,10,10,60,5,22,mace_fp,random,5.015304343971632,1.632108369418143,1.0030608687943263,0.3264216738836286,0.9862482269503546,0.2472315711315853,11.26,400
f0.125_init10_b10,0.125,10,10,60,5,23,random,epsilon_greedy,4.910986258865249,1.6342381064641276,0.9821972517730496,0.3268476212928253,0.9735478723404255,0.25698420690129653,11.115,400
f0.125_init10_b10,0.125,10,10,60,5,24,random,bald,4.906497340425532,1.6016031027690358,0.9812994680851064,0.3203206205538073,0.9803359929078015,0.24375476271651314,11.1925,400
f0.125_init10_b10,0.125,10,10,60,5,25,random,greedy,4.895526861702128,1.659482362538117,0.9791053723404255,0.33189647250762333,0.9604095744680851,0.2583572227645278,10.965,400
f0.125_init10_b10,0.125,10,10,60,5,26,random,coreset,4.892329875886525,1.5718115185377837,0.978465975177305,0.31436230370755686,0.9818687943262411,0.20810393875165764,11.21,400
f0.125_init10_b10,0.125,10,10,60,5,27,boltz2_affinity,coreset,4.593455496453901,1.428759872032137,0.9186910992907802,0.2857519744064274,0.9315053191489362,0.20174002851218686,10.635,400
f0.125_init10_b10,0.125,10,10,60,5,28,mace_internal_fp,coreset,4.13722810283688,1.204915303477017,0.8274456205673759,0.24098306069540343,0.7852322695035461,0.15072319719835897,8.965,400
f0.125_init10_b10,0.125,10,10,60,5,29,ecfp4,coreset,3.3033841312056738,1.0976606811001086,0.6606768262411348,0.21953213622002166,0.5220283687943262,0.12130935052439375,5.96,400
f0.125_init10_b10,0.125,10,10,60,5,30,mace_fp,coreset,2.479569060283688,1.2835740647940095,0.4959138120567376,0.2567148129588019,0.2551019503546099,0.12056030614044097,2.9125,400
f0.125_init10_b5,0.125,10,5,60,10,1,ecfp4,greedy,26.410979393095086,5.29305805063065,2.6410979393095086,0.5293058050630649,3.0417349290780145,0.4573217961575609,34.7275,400
f0.125_init10_b5,0.125,10,5,60,10,2,ecfp4,epsilon_greedy,24.987413631758315,4.980735043458788,2.498741363175831,0.498073504345879,2.9094760638297874,0.41195071918468407,33.2175,400
f0.125_init10_b5,0.125,10,5,60,10,3,mace_fp,greedy,22.492950614043167,4.613497344928004,2.249295061404317,0.46134973449280003,2.6729867021276594,0.4164488976034484,30.5175,400
f0.125_init10_b5,0.125,10,5,60,10,4,mace_fp,epsilon_greedy,21.52195703156182,4.264433185246195,2.152195703156182,0.42644331852461975,2.5516764184397167,0.3466575186449723,29.1325,400
f0.125_init10_b5,0.125,10,5,60,10,5,mace_internal_fp,greedy,20.229786856406005,4.7336712730546795,2.0229786856406005,0.4733671273054679,2.309712765957447,0.406007342661067,26.37,400
f0.125_init10_b5,0.125,10,5,60,10,6,mace_internal_fp,epsilon_greedy,19.51813976658684,4.471375141624955,1.9518139766586842,0.44713751416249553,2.2457730496453903,0.3729025987151439,25.64,400
f0.125_init10_b5,0.125,10,5,60,10,7,ecfp4,bald,17.047746660372724,3.4567320234113734,1.7047746660372725,0.3456732023411375,2.0703767730496456,0.31845602678992285,23.6375,400
f0.125_init10_b5,0.125,10,5,60,10,8,ecfp4,badge,15.91186326870529,3.179717484142778,1.5911863268705289,0.3179717484142778,1.854470744680851,0.26459251315351123,21.1725,400
f0.125_init10_b5,0.125,10,5,60,10,9,boltz2_affinity,greedy,14.968070512879557,4.439177410288942,1.4968070512879554,0.44391774102889425,1.6720673758865248,0.4301413801232738,19.09,400
f0.125_init10_b5,0.125,10,5,60,10,10,boltz2_affinity,epsilon_greedy,14.352645529765743,4.046731075648844,1.4352645529765744,0.4046731075648844,1.6175434397163122,0.3452569612487666,18.4675,400
f0.125_init10_b5,0.125,10,5,60,10,11,boltz2_affinity,bald,13.74929375134322,4.529999932168026,1.374929375134322,0.45299999321680284,1.440395390070922,0.4117806146953293,16.445,400
f0.125_init10_b5,0.125,10,5,60,10,12,boltz2_affinity,badge,13.214463315142304,3.794754685474702,1.3214463315142304,0.37947546854747005,1.419593085106383,0.3010550638837626,16.2075,400
f0.125_init10_b5,0.125,10,5,60,10,13,mace_internal_fp,bald,13.069325789813025,2.5944759477787938,1.3069325789813024,0.2594475947778793,1.5971790780141846,0.24570839614033152,18.235,400
f0.125_init10_b5,0.125,10,5,60,10,14,mace_internal_fp,badge,13.037554522811703,2.7514455176403207,1.3037554522811703,0.27514455176403213,1.5240425531914894,0.23864587072130838,17.4,400
f0.125_init10_b5,0.125,10,5,60,10,15,mace_fp,badge,12.8586188683952,2.5281560000919447,1.2858618868395197,0.25281560000919456,1.5546985815602838,0.23306154609677615,17.75,400
f0.125_init10_b5,0.125,10,5,60,10,16,mace_fp,bald,11.739850811304533,2.234072527696083,1.1739850811304535,0.2234072527696084,1.5069627659574467,0.24902276409259952,17.205,400
f0.125_init10_b5,0.125,10,5,60,10,17,boltz2_affinity,random,9.982793625464371,3.205413166042781,0.998279362546437,0.32054131660427804,0.9969778368794325,0.2464338096099401,11.3825,400
f0.125_init10_b5,0.125,10,5,60,10,18,ecfp4,random,9.982793625464371,3.205413166042781,0.998279362546437,0.32054131660427804,0.9969778368794325,0.2464338096099401,11.3825,400
f0.125_init10_b5,0.125,10,5,60,10,19,random,random,9.982793625464371,3.205413166042781,0.998279362546437,0.32054131660427804,0.9969778368794325,0.2464338096099401,11.3825,400
f0.125_init10_b5,0.125,10,5,60,10,20,mace_fp,random,9.982793625464371,3.205413166042781,0.998279362546437,0.32054131660427804,0.9969778368794325,0.2464338096099401,11.3825,400
f0.125_init10_b5,0.125,10,5,60,10,21,mace_internal_fp,random,9.982793625464371,3.205413166042781,0.998279362546437,0.32054131660427804,0.9969778368794325,0.2464338096099401,11.3825,400
f0.125_init10_b5,0.125,10,5,60,10,22,random,epsilon_greedy,9.93337078037211,3.2209665186089915,0.9933370780372112,0.32209665186089903,0.9794601063829788,0.24842316812308438,11.1825,400
f0.125_init10_b5,0.125,10,5,60,10,23,random,badge,9.918292924687606,3.192635672161962,0.9918292924687606,0.31926356721619636,0.9912845744680852,0.24448331860440906,11.3175,400
f0.125_init10_b5,0.125,10,5,60,10,24,random,bald,9.916855864112248,3.0977798355819592,0.9916855864112247,0.3097779835581959,0.9904086879432624,0.23699564772432113,11.3075,400
f0.125_init10_b5,0.125,10,5,60,10,25,random,greedy,9.864891526204293,3.198564645573102,0.9864891526204292,0.3198564645573102,0.975299645390071,0.2506205553996553,11.135,400
f0.125_init10_b5,0.125,10,5,60,10,26,random,coreset,9.73165980128028,3.1074525544075504,0.973165980128028,0.31074525544075493,0.9818687943262411,0.20810393875165764,11.21,400
f0.125_init10_b5,0.125,10,5,60,10,27,boltz2_affinity,coreset,9.098853494673175,2.7530594291798356,0.9098853494673176,0.2753059429179835,0.9315053191489362,0.20174002851218686,10.635,400
f0.125_init10_b5,0.125,10,5,60,10,28,mace_internal_fp,coreset,8.33861915929815,2.3247975185391327,0.8338619159298148,0.23247975185391317,0.7852322695035461,0.15072319719835897,8.965,400
f0.125_init10_b5,0.125,10,5,60,10,29,ecfp4,coreset,6.516282264514445,2.152329541289766,0.6516282264514446,0.21523295412897658,0.5220283687943262,0.12130935052439375,5.96,400
f0.125_init10_b5,0.125,10,5,60,10,30,mace_fp,coreset,4.971194736498726,2.5093255548259314,0.4971194736498726,0.250932555482593,0.2551019503546099,0.12056030614044097,2.9125,400
f0.125_init20_b10,0.125,20,10,60,4,1,ecfp4,greedy,8.909846187943263,1.4251747525138676,2.2274615469858157,0.35629368812846685,2.7638599290780146,0.32099241205377305,31.555,400
f0.125_init20_b10,0.125,20,10,60,4,2,ecfp4,epsilon_greedy,8.427889627659575,1.4264510339734682,2.1069724069148936,0.356612758493367,2.6206524822695036,0.30705192881968274,29.92,400
f0.125_init20_b10,0.125,20,10,60,4,3,mace_fp,greedy,8.018938209219858,1.4230289172608233,2.0047345523049644,0.3557572293152059,2.430366134751773,0.3604577304659087,27.7475,400
f0.125_init20_b10,0.125,20,10,60,4,4,mace_fp,epsilon_greedy,7.6458105496453905,1.3989640137509116,1.9114526374113476,0.34974100343772796,2.311026595744681,0.34091737211765216,26.385,400
f0.125_init20_b10,0.125,20,10,60,4,5,mace_internal_fp,greedy,7.321666843971632,1.5162538423107923,1.830416710992908,0.3790634605776981,2.173731382978724,0.3609955489747119,24.8175,400
f0.125_init20_b10,0.125,20,10,60,4,6,mace_internal_fp,epsilon_greedy,7.021303457446809,1.479937943053226,1.7553258643617022,0.3699844857633065,2.09293085106383,0.3571915440429834,23.895,400
f0.125_init20_b10,0.125,20,10,60,4,7,ecfp4,bald,6.134928191489362,1.1504048809265128,1.5337320478723404,0.28760122023162826,1.8695797872340427,0.2933765219053986,21.345,400
f0.125_init20_b10,0.125,20,10,60,4,8,ecfp4,badge,5.8553671099290785,1.0861511581038055,1.4638417774822696,0.27153778952595137,1.7331604609929079,0.27687332161360434,19.7875,400
f0.125_init20_b10,0.125,20,10,60,4,9,boltz2_affinity,greedy,5.682423315602836,1.3117726193838046,1.420605828900709,0.32794315484595116,1.635061170212766,0.290027635541467,18.6675,400
f0.125_init20_b10,0.125,20,10,60,4,10,boltz2_affinity,epsilon_greedy,5.51155975177305,1.2962703761086707,1.3778899379432625,0.3240675940271678,1.5485673758865248,0.26640095228531235,17.68,400
f0.125_init20_b10,0.125,20,10,60,4,11,boltz2_affinity,bald,5.2043863475177305,1.3028233448905544,1.3010965868794326,0.32570583622263866,1.435140070921986,0.33871065779041426,16.385,400
f0.125_init20_b10,0.125,20,10,60,4,12,mace_fp,badge,5.0795068262411345,0.9241130448539316,1.2698767065602836,0.23102826121348286,1.5277650709219859,0.23713758303201865,17.4425,400
f0.125_init20_b10,0.125,20,10,60,4,13,mace_internal_fp,badge,5.069039982269504,0.9843681449772289,1.267259995567376,0.2460920362443072,1.4743359929078013,0.23596304492297265,16.8325,400
f0.125_init20_b10,0.125,20,10,60,4,14,boltz2_affinity,badge,5.059295744680852,1.2654266497492284,1.264823936170213,0.3163566624373071,1.3898129432624113,0.29099393867291745,15.8675,400
f0.125_init20_b10,0.125,20,10,60,4,15,mace_internal_fp,bald,4.994261170212766,0.9982778800358753,1.2485652925531916,0.2495694700089688,1.4653581560283688,0.25054881234196746,16.73,400
f0.125_init20_b10,0.125,20,10,60,4,16,mace_fp,bald,4.4448832446808515,0.8584650752360663,1.1112208111702129,0.2146162688090165,1.360470744680851,0.2472555818272581,15.5325,400
f0.125_init20_b10,0.125,20,10,60,4,17,random,epsilon_greedy,4.012195301418441,1.1469784165856622,1.00304882535461,0.28674460414641556,0.9923794326241135,0.2397888272622483,11.33,400
f0.125_init20_b10,0.125,20,10,60,4,18,random,bald,4.012085815602837,1.1862210536928692,1.0030214539007092,0.29655526342321725,0.9842774822695035,0.23655957749064818,11.2375,400
f0.125_init20_b10,0.125,20,10,60,4,19,random,badge,3.987254432624114,1.1410732246580355,0.9968136081560285,0.2852683061645089,0.9847154255319148,0.23059318174730617,11.2425,400
f0.125_init20_b10,0.125,20,10,60,4,20,random,greedy,3.9858749113475183,1.138701719426841,0.9964687278368793,0.28467542985671024,0.9829636524822695,0.2394179849585765,11.2225,400
f0.125_init20_b10,0.125,20,10,60,4,21,boltz2_affinity,random,3.9643937943262415,1.1483404736295866,0.9910984485815604,0.28708511840739664,0.988,0.24337831061259707,11.28,400
f0.125_init20_b10,0.125,20,10,60,4,22,ecfp4,random,3.9643937943262415,1.1483404736295866,0.9910984485815604,0.28708511840739664,0.988,0.24337831061259707,11.28,400
f0.125_init20_b10,0.125,20,10,60,4,23,random,random,3.9643937943262415,1.1483404736295866,0.9910984485815604,0.28708511840739664,0.988,0.24337831061259707,11.28,400
f0.125_init20_b10,0.125,20,10,60,4,24,mace_internal_fp,random,3.9643937943262415,1.1483404736295866,0.9910984485815604,0.28708511840739664,0.988,0.24337831061259707,11.28,400
f0.125_init20_b10,0.125,20,10,60,4,25,mace_fp,random,3.9643937943262415,1.1483404736295866,0.9910984485815604,0.28708511840739664,0.988,0.24337831061259707,11.28,400
f0.125_init20_b10,0.125,20,10,60,4,26,random,coreset,3.8461272163120572,1.172679676929333,0.9615318040780142,0.29316991923233326,0.9621613475177304,0.24008813193546422,10.985,400
f0.125_init20_b10,0.125,20,10,60,4,27,boltz2_affinity,coreset,3.6910515070921988,1.044491012046117,0.9227628767730497,0.2611227530115292,0.9308484042553191,0.20778667092249303,10.6275,400
f0.125_init20_b10,0.125,20,10,60,4,28,mace_internal_fp,coreset,3.5709893617021278,0.9498645655207235,0.8927473404255319,0.23746614138018088,0.812822695035461,0.15432416914843655,9.28,400
f0.125_init20_b10,0.125,20,10,60,4,29,ecfp4,coreset,2.8858052304964543,0.936667755716822,0.7214513076241134,0.23416693892920548,0.5885957446808511,0.14964329008675858,6.72,400
f0.125_init20_b10,0.125,20,10,60,4,30,mace_fp,coreset,2.5990837765957444,0.9930658821973248,0.6497709441489361,0.2482664705493312,0.40290780141843974,0.1508819361151213,4.6,400
f0.125_init20_b5,0.125,20,5,60,8,1,ecfp4,greedy,18.034494256393724,2.805728371154835,2.2543117820492156,0.35071604639435444,2.7853191489361704,0.32854707209045847,31.8,400
f0.125_init20_b5,0.125,20,5,60,8,2,ecfp4,epsilon_greedy,17.051075597924534,2.755509935359698,2.1313844497405667,0.3444387419199622,2.631382092198582,0.2817382666761801,30.0425,400
f0.125_init20_b5,0.125,20,5,60,8,3,mace_fp,greedy,16.2509627367904,2.748260817548013,2.0313703420988,0.3435326021935017,2.4656205673758866,0.34328609131481347,28.15,400
f0.125_init20_b5,0.125,20,5,60,8,4,mace_fp,epsilon_greedy,15.548043609729513,2.7233095649257124,1.9435054512161891,0.340413695615714,2.3504414893617023,0.31299556178590215,26.835,400
f0.125_init20_b5,0.125,20,5,60,8,5,mace_internal_fp,greedy,14.997443045193577,3.014385894422875,1.8746803806491972,0.3767982368028594,2.2236569148936174,0.37492804965707627,25.3875,400
f0.125_init20_b5,0.125,20,5,60,8,6,mace_internal_fp,epsilon_greedy,14.389580925132787,2.8419283167201015,1.7986976156415984,0.35524103959001274,2.137163120567376,0.3507933760495731,24.4,400
f0.125_init20_b5,0.125,20,5,60,8,7,ecfp4,bald,12.474050178072519,2.0534356392160222,1.5592562722590648,0.25667945490200283,1.8715505319148937,0.2753426871584351,21.3675,400
f0.125_init20_b5,0.125,20,5,60,8,8,ecfp4,badge,11.76843106444383,2.097605646690048,1.4710538830554787,0.262200705836256,1.7057890070921988,0.258514949567236,19.475,400
f0.125_init20_b5,0.125,20,5,60,8,9,boltz2_affinity,greedy,11.11878944152774,2.4859786132533728,1.3898486801909675,0.3107473266566716,1.5923617021276595,0.27763971620577194,18.18,400
f0.125_init20_b5,0.125,20,5,60,8,10,boltz2_affinity,epsilon_greedy,10.703516473243068,2.352910029371158,1.3379395591553835,0.29411375367139475,1.516816489361702,0.24179458875995807,17.3175,400
f0.125_init20_b5,0.125,20,5,60,8,11,boltz2_affinity,bald,10.371004923091093,2.602271376837521,1.2963756153863866,0.32528392210469015,1.3696675531914895,0.343997732539561,15.6375,400
f0.125_init20_b5,0.125,20,5,60,8,12,mace_internal_fp,bald,10.11390160994443,1.8369811454803298,1.2642377012430537,0.22962264318504125,1.4957952127659575,0.22946978079714356,17.0775,400
f0.125_init20_b5,0.125,20,5,60,8,13,mace_fp,badge,10.100095685579197,1.7096769972489039,1.2625119606973996,0.213709624656113,1.479372340425532,0.21850619226920218,16.89,400
f0.125_init20_b5,0.125,20,5,60,8,14,mace_internal_fp,badge,9.903073543182586,1.824706050190223,1.2378841928978233,0.2280882562737779,1.4294468085106382,0.20785802613812687,16.32,400
f0.125_init20_b5,0.125,20,5,60,8,15,boltz2_affinity,badge,9.895634384882257,2.4374350008041006,1.2369542981102821,0.30467937510051263,1.334413120567376,0.27829235512000633,15.235,400
f0.125_init20_b5,0.125,20,5,60,8,16,mace_fp,bald,9.286347811703664,1.581791432412353,1.160793476462958,0.19772392905154418,1.423534574468085,0.21684280108943088,16.2525,400
f0.125_init20_b5,0.125,20,5,60,8,17,random,badge,8.034517235040374,2.2597278089472943,1.0043146543800467,0.28246597611841173,0.9855913120567376,0.23448024418021793,11.2525,400
f0.125_init20_b5,0.125,20,5,60,8,18,random,bald,8.016407996760922,2.3485727607192426,1.0020509995951152,0.2935715950899053,0.9912845744680852,0.23754264517098914,11.3175,400
f0.125_init20_b5,0.125,20,5,60,8,19,random,epsilon_greedy,7.987477389011698,2.271295706347914,0.9984346736264622,0.2839119632934893,0.9807739361702127,0.24786992914962958,11.1975,400
f0.125_init20_b5,0.125,20,5,60,8,20,mace_internal_fp,random,7.94031004651377,2.3476157989396125,0.9925387558142212,0.29345197486745156,0.9904086879432624,0.24133691577698993,11.3075,400
f0.125_init20_b5,0.125,20,5,60,8,21,boltz2_affinity,random,7.94031004651377,2.3476157989396125,0.9925387558142212,0.29345197486745156,0.9904086879432624,0.24133691577698993,11.3075,400
f0.125_init20_b5,0.125,20,5,60,8,22,ecfp4,random,7.94031004651377,2.3476157989396125,0.9925387558142212,0.29345197486745156,0.9904086879432624,0.24133691577698993,11.3075,400
f0.125_init20_b5,0.125,20,5,60,8,23,mace_fp,random,7.94031004651377,2.3476157989396125,0.9925387558142212,0.29345197486745156,0.9904086879432624,0.24133691577698993,11.3075,400
f0.125_init20_b5,0.125,20,5,60,8,24,random,random,7.94031004651377,2.3476157989396125,0.9925387558142212,0.29345197486745156,0.9904086879432624,0.24133691577698993,11.3075,400
f0.125_init20_b5,0.125,20,5,60,8,25,random,greedy,7.91406302615824,2.2434700956645943,0.98925787826978,0.2804337619580743,0.9809929078014185,0.23458282487578344,11.2,400
f0.125_init20_b5,0.125,20,5,60,8,26,random,coreset,7.657700235255288,2.3257001336713157,0.957212529406911,0.2907125167089145,0.9621613475177304,0.24008813193546422,10.985,400
f0.125_init20_b5,0.125,20,5,60,8,27,boltz2_affinity,coreset,7.35350996400172,2.0716554452382523,0.919188745500215,0.25895693065478154,0.9308484042553191,0.20778667092249303,10.6275,400
f0.125_init20_b5,0.125,20,5,60,8,28,mace_internal_fp,coreset,7.163349596266618,1.8793794325985282,0.8954186995333272,0.23492242907481603,0.812822695035461,0.15432416914843655,9.28,400
f0.125_init20_b5,0.125,20,5,60,8,29,ecfp4,coreset,5.710188918439717,1.860603991912605,0.7137736148049646,0.23257549898907562,0.5885957446808511,0.14964329008675858,6.72,400
f0.125_init20_b5,0.125,20,5,60,8,30,mace_fp,coreset,5.20948421563661,1.9640736803672945,0.6511855269545762,0.2455092100459118,0.40290780141843974,0.1508819361151213,4.6,400
f0.125_init5_b10,0.125,5,10,55,5,1,ecfp4,greedy,12.943368757483652,3.953740576877266,2.58867375149673,0.7907481153754532,3.039963249516441,0.5682625187153635,31.815,400
f0.125_init5_b10,0.125,5,10,55,5,2,ecfp4,epsilon_greedy,12.291855543274691,3.7353658697110017,2.4583711086549385,0.7470731739422004,2.9210019342359765,0.5095776679578403,30.57,400
f0.125_init5_b10,0.125,5,10,55,5,3,mace_fp,greedy,10.660521061680635,2.988200761665029,2.1321042123361273,0.5976401523330057,2.60042746615087,0.4951261312141898,27.215,400
f0.125_init5_b10,0.125,5,10,55,5,4,mace_fp,epsilon_greedy,10.216851169752234,2.827106815266703,2.0433702339504465,0.5654213630533405,2.4874381044487426,0.4320730510552323,26.0325,400
f0.125_init5_b10,0.125,5,10,55,5,5,mace_internal_fp,greedy,9.221554769580301,2.919196829906974,1.8443109539160603,0.5838393659813946,2.2091450676982594,0.48430279455309777,23.12,400
f0.125_init5_b10,0.125,5,10,55,5,6,mace_internal_fp,epsilon_greedy,8.98721758619631,2.7800523084277553,1.797443517239262,0.5560104616855516,2.172357833655706,0.443192636118595,22.735,400
f0.125_init5_b10,0.125,5,10,55,5,7,boltz2_affinity,greedy,7.94088430198643,2.6475087238209567,1.588176860397286,0.529501744764191,1.7452437137330754,0.4574708432683701,18.265,400
f0.125_init5_b10,0.125,5,10,55,5,8,boltz2_affinity,epsilon_greedy,7.723294751466028,2.5200757926059056,1.5446589502932055,0.5040151585211811,1.6766856866537716,0.3949569047666323,17.5475,400
f0.125_init5_b10,0.125,5,10,55,5,9,ecfp4,bald,7.447208114580455,2.1643166800289806,1.489441622916091,0.43286333600579585,1.9583230174081236,0.3977537945827882,20.495,400
f0.125_init5_b10,0.125,5,10,55,5,10,ecfp4,badge,7.380725293973167,1.8093220840848843,1.4761450587946334,0.36186441681697673,1.8458114119922628,0.32901191738802604,19.3175,400
f0.125_init5_b10,0.125,5,10,55,5,11,boltz2_affinity,bald,6.926250526542016,2.596410763262522,1.3852501053084032,0.5192821526525043,1.5742069632495166,0.47546979797247496,16.475,400
f0.125_init5_b10,0.125,5,10,55,5,12,boltz2_affinity,badge,6.720295479107182,2.217655282928321,1.3440590958214365,0.4435310565856642,1.483672147001934,0.3907807991487183,15.5275,400
f0.125_init5_b10,0.125,5,10,55,5,13,mace_internal_fp,badge,6.3022901998710505,1.6256938684183537,1.2604580399742102,0.32513877368367067,1.5235647969052224,0.2805944273776419,15.945,400
f0.125_init5_b10,0.125,5,10,55,5,14,mace_fp,badge,6.0542281400632465,1.3772717566627273,1.2108456280126494,0.27545435133254564,1.5180705996131527,0.2842866480704989,15.8875,400
f0.125_init5_b10,0.125,5,10,55,5,15,mace_internal_fp,bald,6.049688697000399,1.676665642332883,1.2099377394000799,0.3353331284665766,1.5261924564796905,0.2986058449652464,15.9725,400
f0.125_init5_b10,0.125,5,10,55,5,16,random,badge,5.06143692702097,1.720791033687893,1.012287385404194,0.3441582067375785,1.0087823984526112,0.24905134039514945,10.5575,400
f0.125_init5_b10,0.125,5,10,55,5,17,mace_internal_fp,random,5.049789152927451,1.771139464223406,1.0099578305854902,0.35422789284468104,1.0085435203094777,0.27240142210177254,10.555,400
f0.125_init5_b10,0.125,5,10,55,5,18,ecfp4,random,5.049789152927451,1.771139464223406,1.0099578305854902,0.35422789284468104,1.0085435203094777,0.27240142210177254,10.555,400
f0.125_init5_b10,0.125,5,10,55,5,19,boltz2_affinity,random,5.049789152927451,1.771139464223406,1.0099578305854902,0.35422789284468104,1.0085435203094777,0.27240142210177254,10.555,400
f0.125_init5_b10,0.125,5,10,55,5,20,random,random,5.049789152927451,1.771139464223406,1.0099578305854902,0.35422789284468104,1.0085435203094777,0.27240142210177254,10.555,400
f0.125_init5_b10,0.125,5,10,55,5,21,mace_fp,random,5.049789152927451,1.771139464223406,1.0099578305854902,0.35422789284468104,1.0085435203094777,0.27240142210177254,10.555,400
f0.125_init5_b10,0.125,5,10,55,5,22,random,epsilon_greedy,5.035991475545731,1.6743619161749328,1.0071982951091463,0.3348723832349866,0.9934941972920696,0.24882705734445534,10.3975,400
f0.125_init5_b10,0.125,5,10,55,5,23,random,greedy,4.990311907832121,1.6958680316816026,0.9980623815664241,0.3391736063363208,0.9777282398452611,0.2492671599353923,10.2325,400
f0.125_init5_b10,0.125,5,10,55,5,24,mace_fp,bald,4.978848411163305,1.245869104860916,0.9957696822326609,0.24917382097218316,1.3386731141199226,0.3420138406131975,14.01,400
f0.125_init5_b10,0.125,5,10,55,5,25,random,bald,4.921140381013785,1.765232180667539,0.9842280762027571,0.35304643613350767,0.9700841392649903,0.25455016722481294,10.1525,400
f0.125_init5_b10,0.125,5,10,55,5,26,random,coreset,4.829896134598262,1.5721092147250033,0.9659792269196525,0.3144218429450006,1.0157098646034817,0.224227412979837,10.63,400
f0.125_init5_b10,0.125,5,10,55,5,27,boltz2_affinity,coreset,4.38865218292346,1.501570570201662,0.877730436584692,0.3003141140403325,0.9003317214700194,0.21347682952627473,9.4225,400
f0.125_init5_b10,0.125,5,10,55,5,28,mace_internal_fp,coreset,3.8745879355868715,1.2212997806642008,0.7749175871173744,0.2442599561328401,0.7049294003868473,0.1472833161729291,7.3775,400
f0.125_init5_b10,0.125,5,10,55,5,29,ecfp4,coreset,3.2365830907862825,1.088139974745439,0.6473166181572565,0.21762799494908766,0.5434477756286267,0.12157526003350136,5.6875,400
f0.125_init5_b10,0.125,5,10,55,5,30,mace_fp,coreset,2.0103639479905437,1.3033451121977928,0.4020727895981087,0.26066902243955853,0.18130851063829784,0.10043140060408987,1.8975,400
f0.125_init5_b5,0.125,5,5,60,11,1,ecfp4,greedy,30.850169944122072,7.574003851067288,2.8045609040110975,0.6885458046424808,3.1496879432624114,0.4789277145418435,35.96,400
f0.125_init5_b5,0.125,5,5,60,11,2,ecfp4,epsilon_greedy,29.367555780832646,7.252259670625013,2.6697777982575133,0.6592963336931829,3.0360416666666667,0.44197349797448426,34.6625,400
f0.125_init5_b5,0.125,5,5,60,11,3,mace_fp,greedy,25.690030464216633,5.661356856943402,2.335457314928785,0.5146688051766729,2.7675824468085106,0.4104103890158312,31.5975,400
f0.125_init5_b5,0.125,5,5,60,11,4,mace_fp,epsilon_greedy,24.586021853412543,5.286585112722575,2.235092895764777,0.4805986466111435,2.6491187943262413,0.3565557882895776,30.245,400
f0.125_init5_b5,0.125,5,5,60,11,5,mace_internal_fp,greedy,21.936758784271284,5.599173093184149,1.994250798570117,0.5090157357440136,2.279932624113475,0.4249896497050274,26.03,400
f0.125_init5_b5,0.125,5,5,60,11,6,mace_internal_fp,epsilon_greedy,21.489667626492892,5.467537640110253,1.9536061478629905,0.49704887637365935,2.2843120567375887,0.4152366100717167,26.08,400
f0.125_init5_b5,0.125,5,5,60,11,7,ecfp4,bald,18.57888010269872,4.370810149515483,1.688989100245338,0.3973463772286801,2.0979671985815607,0.34264410500933223,23.9525,400
f0.125_init5_b5,0.125,5,5,60,11,8,ecfp4,badge,17.580908456909523,3.94546236371445,1.5982644051735928,0.35867839670131346,1.9085567375886527,0.2880847218499043,21.79,400
f0.125_init5_b5,0.125,5,5,60,11,9,boltz2_affinity,greedy,17.29627548048878,5.649961864795976,1.5723886800444344,0.5136328967996343,1.7121391843971634,0.49592420040964513,19.5475,400
f0.125_init5_b5,0.125,5,5,60,11,10,boltz2_affinity,epsilon_greedy,16.34825979513985,5.131487156280044,1.4862054359218044,0.466498832389095,1.6300248226950356,0.41914762727437715,18.61,400
f0.125_init5_b5,0.125,5,5,60,11,11,boltz2_affinity,bald,15.598971387123516,5.443174565881322,1.4180883079203195,0.4948340514437565,1.4931675531914894,0.4676077326936225,17.0475,400
f0.125_init5_b5,0.125,5,5,60,11,12,boltz2_affinity,badge,14.691735802938197,4.338858178761904,1.3356123457216542,0.39444165261471836,1.450468085106383,0.308211959127859,16.56,400
f0.125_init5_b5,0.125,5,5,60,11,13,mace_internal_fp,bald,14.510747692349023,3.466874095660251,1.3191588811226385,0.3151703723327503,1.6313386524822695,0.2948591917397694,18.625,400
f0.125_init5_b5,0.125,5,5,60,11,14,mace_internal_fp,badge,14.093492604233829,3.21602037358101,1.2812266003848936,0.29236548850736466,1.5395895390070922,0.23043136238972295,17.5775,400
f0.125_init5_b5,0.125,5,5,60,11,15,mace_fp,badge,13.824368032912714,2.85581236392909,1.256760730264792,0.2596193058117356,1.55185195035461,0.23997468451015927,17.7175,400
f0.125_init5_b5,0.125,5,5,60,11,16,mace_fp,bald,12.461473149043629,2.488184132153365,1.1328611953676024,0.22619855746848772,1.5406843971631208,0.26516098641717184,17.59,400
f0.125_init5_b5,0.125,5,5,60,11,17,boltz2_affinity,random,11.077219620598077,3.487978962287286,1.0070199655089163,0.3170889965715715,1.0048608156028367,0.2459347374477318,11.4725,400
f0.125_init5_b5,0.125,5,5,60,11,18,ecfp4,random,11.077219620598077,3.487978962287286,1.0070199655089163,0.3170889965715715,1.0048608156028367,0.2459347374477318,11.4725,400
f0.125_init5_b5,0.125,5,5,60,11,19,random,random,11.077219620598077,3.487978962287286,1.0070199655089163,0.3170889965715715,1.0048608156028367,0.2459347374477318,11.4725,400
f0.125_init5_b5,0.125,5,5,60,11,20,mace_fp,random,11.077219620598077,3.487978962287286,1.0070199655089163,0.3170889965715715,1.0048608156028367,0.2459347374477318,11.4725,400
f0.125_init5_b5,0.125,5,5,60,11,21,mace_internal_fp,random,11.077219620598077,3.487978962287286,1.0070199655089163,0.3170889965715715,1.0048608156028367,0.2459347374477318,11.4725,400
f0.125_init5_b5,0.125,5,5,60,11,22,random,bald,11.057215471968929,3.5712952575894357,1.00520140654263,0.3246632052354031,0.9952260638297872,0.2530533209072663,11.3625,400
f0.125_init5_b5,0.125,5,5,60,11,23,random,badge,10.90120519941052,3.6318800302407,0.9910186544918653,0.3301709118400634,0.9904086879432624,0.24481733356954818,11.3075,400
f0.125_init5_b5,0.125,5,5,60,11,24,random,epsilon_greedy,10.863407946869916,3.574273175708197,0.9875825406245378,0.3249339250643815,0.9860292553191489,0.24297654746809347,11.2575,400
f0.125_init5_b5,0.125,5,5,60,11,25,random,greedy,10.781598060007369,3.5477994586808537,0.9801452781824881,0.32252722351644136,0.967854609929078,0.23698844731172766,11.05,400
f0.125_init5_b5,0.125,5,5,60,11,26,random,coreset,10.599595570446102,3.214750896962144,0.963599597313282,0.29225008154201293,1.020188829787234,0.21771886657261694,11.6475,400
f0.125_init5_b5,0.125,5,5,60,11,27,boltz2_affinity,coreset,9.602611572027264,3.0090327047567635,0.872964688366115,0.2735484277051603,0.9098271276595744,0.20487173617803622,10.3875,400
f0.125_init5_b5,0.125,5,5,60,11,28,mace_internal_fp,coreset,8.526407334361856,2.4022863351188715,0.7751279394874415,0.21838966682898844,0.7537003546099291,0.14474146081487907,8.605,400
f0.125_init5_b5,0.125,5,5,60,11,29,ecfp4,coreset,6.885856801295631,2.106632940841767,0.6259869819359665,0.19151208553106977,0.512174645390071,0.10950864334800725,5.8475,400
f0.125_init5_b5,0.125,5,5,60,11,30,mace_fp,coreset,4.186044178486998,2.53658804601189,0.3805494707715452,0.2305989132738082,0.18853457446808508,0.09047153250816292,2.1525,400
f0.15_init10_b10,0.15,10,10,70,6,1,ecfp4,greedy,15.788386398176293,3.3236855831543117,2.631397733029382,0.5539475971923854,3.0154270516717325,0.4300011986688283,40.165,400
f0.15_init10_b10,0.15,10,10,70,6,2,ecfp4,epsilon_greedy,15.003441919959473,3.064341183155258,2.5005736533265788,0.5107235305258764,2.891363981762918,0.3729435880286574,38.5125,400
f0.15_init10_b10,0.15,10,10,70,6,3,mace_fp,greedy,13.459823302938197,3.0653028173581394,2.243303883823033,0.5108838028930232,2.643050151975684,0.42941077447804216,35.205,400
f0.15_init10_b10,0.15,10,10,70,6,4,mace_fp,epsilon_greedy,12.902377836879431,2.806144234438541,2.1503963061465723,0.46769070573975696,2.535691489361702,0.3561216371781006,33.775,400
f0.15_init10_b10,0.15,10,10,70,6,5,mace_internal_fp,greedy,11.980094351570415,2.8995847610022576,1.9966823919284027,0.4832641268337097,2.2579103343465046,0.4010119201187893,30.075,400
f0.15_init10_b10,0.15,10,10,70,6,6,mace_internal_fp,epsilon_greedy,11.537039665653497,2.7125771402862444,1.9228399442755828,0.4520961900477075,2.210987841945289,0.37893812244515823,29.45,400
f0.15_init10_b10,0.15,10,10,70,6,7,ecfp4,bald,10.152607168186425,2.2393636865859143,1.6921011946977373,0.37322728109765235,2.0728480243161096,0.3245647406680881,27.61,400
f0.15_init10_b10,0.15,10,10,70,6,8,ecfp4,badge,9.641740096251267,1.9295158152041503,1.6069566827085444,0.3215859692006918,1.9215699088145897,0.29595392977134144,25.595,400
f0.15_init10_b10,0.15,10,10,70,6,9,boltz2_affinity,greedy,9.38332854609929,2.871233995228461,1.5638880910165485,0.4785389992047437,1.7460797872340428,0.4765517360353992,23.2575,400
f0.15_init10_b10,0.15,10,10,70,6,10,boltz2_affinity,epsilon_greedy,9.072291856636271,2.6267402994893465,1.5120486427727122,0.43779004991489123,1.6571147416413374,0.36854195631460174,22.0725,400
f0.15_init10_b10,0.15,10,10,70,6,11,boltz2_affinity,bald,8.319038829787235,2.5826418820316523,1.3865064716312057,0.4304403136719419,1.4911968085106384,0.389098975443031,19.8625,400
f0.15_init10_b10,0.15,10,10,70,6,12,boltz2_affinity,badge,8.243199569402229,2.269616862500753,1.3738665949003714,0.37826947708345887,1.5020828267477204,0.32789502433982803,20.0075,400
f0.15_init10_b10,0.15,10,10,70,6,13,mace_internal_fp,badge,8.127692033941237,1.5385534160505134,1.354615338990206,0.2564255693417522,1.6216413373860183,0.24737672261256505,21.6,400
f0.15_init10_b10,0.15,10,10,70,6,14,mace_fp,badge,8.05526873100304,1.3517311419589346,1.3425447885005068,0.22528852365982246,1.6601177811550152,0.23260039660032786,22.1125,400
f0.15_init10_b10,0.15,10,10,70,6,15,mace_internal_fp,bald,7.925280914387032,1.7129255684852767,1.3208801523978386,0.285487594747546,1.613946048632219,0.2936925422093234,21.4975,400
f0.15_init10_b10,0.15,10,10,70,6,16,mace_fp,bald,6.920507687436677,1.3230400956433372,1.1534179479061129,0.22050668260722292,1.5390577507598784,0.26061345690338744,20.5,400
f0.15_init10_b10,0.15,10,10,70,6,17,random,badge,6.050930673758866,1.7346601180738732,1.0084884456264775,0.2891100196789788,0.9985106382978723,0.21107920605146907,13.3,400
f0.15_init10_b10,0.15,10,10,70,6,18,ecfp4,random,6.00327306231003,1.814318951143351,1.0005455103850052,0.302386491857225,0.9896892097264437,0.22737149400616005,13.1825,400
f0.15_init10_b10,0.15,10,10,70,6,19,mace_internal_fp,random,6.00327306231003,1.814318951143351,1.0005455103850052,0.302386491857225,0.9896892097264437,0.22737149400616005,13.1825,400
f0.15_init10_b10,0.15,10,10,70,6,20,random,random,6.00327306231003,1.814318951143351,1.0005455103850052,0.302386491857225,0.9896892097264437,0.22737149400616005,13.1825,400
f0.15_init10_b10,0.15,10,10,70,6,21,boltz2_affinity,random,6.00327306231003,1.814318951143351,1.0005455103850052,0.302386491857225,0.9896892097264437,0.22737149400616005,13.1825,400
f0.15_init10_b10,0.15,10,10,70,6,22,mace_fp,random,6.00327306231003,1.814318951143351,1.0005455103850052,0.302386491857225,0.9896892097264437,0.22737149400616005,13.1825,400
f0.15_init10_b10,0.15,10,10,70,6,23,random,bald,5.8860669326241135,1.7800401080827646,0.9810111554373523,0.29667335134712713,0.9788031914893617,0.2187833899233364,13.0375,400
f0.15_init10_b10,0.15,10,10,70,6,24,random,epsilon_greedy,5.881155711752786,1.8307554931785965,0.9801926186254645,0.3051259155297659,0.9667910334346504,0.22784690385469192,12.8775,400
f0.15_init10_b10,0.15,10,10,70,6,25,random,coreset,5.8717274189463025,1.7190333832324698,0.9786212364910503,0.2865055638720785,0.976926291793313,0.17887214649926506,13.0125,400
f0.15_init10_b10,0.15,10,10,70,6,26,random,greedy,5.857437955927051,1.8527256410483377,0.9762396593211753,0.3087876068413898,0.9634126139817628,0.22581605929305712,12.8325,400
f0.15_init10_b10,0.15,10,10,70,6,27,boltz2_affinity,coreset,5.55592966058764,1.567843595664761,0.9259882767646066,0.2613072659441269,0.9934430091185411,0.1904405700869425,13.2325,400
f0.15_init10_b10,0.15,10,10,70,6,28,mace_internal_fp,coreset,4.916579419959473,1.3063311444765544,0.8194299033265788,0.21772185741275907,0.7734703647416413,0.12923982428198605,10.3025,400
f0.15_init10_b10,0.15,10,10,70,6,29,ecfp4,coreset,3.8152459599797366,1.1821614960500202,0.6358743266632895,0.1970269160083368,0.5016952887537994,0.10635145103816736,6.6825,400
f0.15_init10_b10,0.15,10,10,70,6,30,mace_fp,coreset,2.7239570415400203,1.3892353010776703,0.4539928402566701,0.23153921684627818,0.23367401215805464,0.1019612319106207,3.1125,400
f0.15_init10_b5,0.15,10,5,70,12,1,ecfp4,greedy,32.498192222375735,6.025344969007626,2.7081826851979782,0.5021120807506355,3.0486481762917936,0.4562110137684786,40.6075,400
f0.15_init10_b5,0.15,10,5,70,12,2,ecfp4,epsilon_greedy,30.82509505273096,5.621814089060053,2.568757921060913,0.468484507421671,2.92965273556231,0.401276869459459,39.0225,400
f0.15_init10_b5,0.15,10,5,70,12,3,mace_fp,greedy,27.886745256900312,5.277512466762081,2.323895438075026,0.4397927055635068,2.7198153495440733,0.39366228598238223,36.2275,400
f0.15_init10_b5,0.15,10,5,70,12,4,mace_fp,epsilon_greedy,26.65634729245341,4.795748722079115,2.2213622743711174,0.3996457268399264,2.5846785714285714,0.3158459499135091,34.4275,400
f0.15_init10_b5,0.15,10,5,70,12,5,mace_internal_fp,greedy,24.851305853366494,5.3666794607124695,2.070942154447208,0.447223288392706,2.313091185410334,0.40136068889377263,30.81,400
f0.15_init10_b5,0.15,10,5,70,12,6,mace_internal_fp,epsilon_greedy,24.036085181987048,5.038136544451156,2.0030070984989203,0.4198447120375963,2.269734802431611,0.36330096836198195,30.2325,400
f0.15_init10_b5,0.15,10,5,70,12,7,ecfp4,bald,21.22882106513463,3.8907335757278667,1.7690684220945525,0.3242277979773225,2.11338905775076,0.28068223736995157,28.15,400
f0.15_init10_b5,0.15,10,5,70,12,8,ecfp4,badge,19.652499096972768,3.502000636377615,1.637708258081064,0.2918333863648011,1.8870349544072949,0.2422618141781621,25.135,400
f0.15_init10_b5,0.15,10,5,70,12,9,boltz2_affinity,greedy,18.336749337600935,5.191740801297737,1.528062444800078,0.4326450667748114,1.708354103343465,0.4484757339207353,22.755,400
f0.15_init10_b5,0.15,10,5,70,12,10,boltz2_affinity,epsilon_greedy,17.62019194567253,4.612461545077604,1.4683493288060445,0.3843717954231336,1.6503579027355624,0.3312788761954501,21.9825,400
f0.15_init10_b5,0.15,10,5,70,12,11,boltz2_affinity,bald,16.613185215375644,5.171292928562679,1.3844321012813035,0.430941077380223,1.4260683890577508,0.3847645409486956,18.995,400
f0.15_init10_b5,0.15,10,5,70,12,12,mace_internal_fp,bald,16.343026271069355,2.8746025419533,1.3619188559224462,0.23955021182944175,1.6696899696048633,0.2512005808227793,22.24,400
f0.15_init10_b5,0.15,10,5,70,12,13,mace_internal_fp,badge,16.136568580562464,3.0229964872194013,1.3447140483802054,0.25191637393495003,1.5794110942249242,0.21434782810297157,21.0375,400
f0.15_init10_b5,0.15,10,5,70,12,14,boltz2_affinity,badge,16.066286073500965,4.2649111936044894,1.3388571727917473,0.35540926613370755,1.4300098784194528,0.27619474297054836,19.0475,400
f0.15_init10_b5,0.15,10,5,70,12,15,mace_fp,badge,16.02796853911455,2.7773865979867063,1.3356640449262125,0.23144888316555906,1.615447568389058,0.21953881839102646,21.5175,400
f0.15_init10_b5,0.15,10,5,70,12,16,mace_fp,bald,14.866642984556815,2.4940151102357677,1.2388869153797346,0.20783459251964734,1.615259878419453,0.2415376859452248,21.515,400
f0.15_init10_b5,0.15,10,5,70,12,17,boltz2_affinity,random,11.976103212597096,3.566082809583988,0.998008601049758,0.2971735674653324,1.00151367781155,0.22247529053980444,13.34,400
f0.15_init10_b5,0.15,10,5,70,12,18,ecfp4,random,11.976103212597096,3.566082809583988,0.998008601049758,0.2971735674653324,1.00151367781155,0.22247529053980444,13.34,400
f0.15_init10_b5,0.15,10,5,70,12,19,random,random,11.976103212597096,3.566082809583988,0.998008601049758,0.2971735674653324,1.00151367781155,0.22247529053980444,13.34,400
f0.15_init10_b5,0.15,10,5,70,12,20,mace_fp,random,11.976103212597096,3.566082809583988,0.998008601049758,0.2971735674653324,1.00151367781155,0.22247529053980444,13.34,400
f0.15_init10_b5,0.15,10,5,70,12,21,mace_internal_fp,random,11.976103212597096,3.566082809583988,0.998008601049758,0.2971735674653324,1.00151367781155,0.22247529053980444,13.34,400
f0.15_init10_b5,0.15,10,5,70,12,22,random,badge,11.900815151131376,3.545930198579037,0.9917345959276146,0.2954941832149198,0.9925045592705167,0.2188544834785882,13.22,400
f0.15_init10_b5,0.15,10,5,70,12,23,random,epsilon_greedy,11.890396046329558,3.6013774039269815,0.9908663371941298,0.30011478366058175,0.9735478723404255,0.2253401262184621,12.9675,400
f0.15_init10_b5,0.15,10,5,70,12,24,random,bald,11.885708004436463,3.44293689806181,0.9904756670363719,0.2869114081718176,0.9765509118541033,0.2138377852889624,13.0075,400
f0.15_init10_b5,0.15,10,5,70,12,25,random,greedy,11.81041596896012,3.582954647550923,0.9842013307466765,0.298579553962577,0.9688556231003039,0.22652223770375896,12.905,400
f0.15_init10_b5,0.15,10,5,70,12,26,random,coreset,11.693195642212396,3.400593801850808,0.9744329701843665,0.2833828168209007,0.976926291793313,0.17887214649926506,13.0125,400
f0.15_init10_b5,0.15,10,5,70,12,27,boltz2_affinity,coreset,11.019008509870744,3.034925716021023,0.9182507091558954,0.2529104763350851,0.9934430091185411,0.1904405700869425,13.2325,400
f0.15_init10_b5,0.15,10,5,70,12,28,mace_internal_fp,coreset,9.912534306207977,2.528325549440286,0.8260445255173314,0.2106937957866904,0.7734703647416413,0.12923982428198605,10.3025,400
f0.15_init10_b5,0.15,10,5,70,12,29,ecfp4,coreset,7.532250476267231,2.3195386016583104,0.627687539688936,0.19329488347152574,0.5016952887537994,0.10635145103816736,6.6825,400
f0.15_init10_b5,0.15,10,5,70,12,30,mace_fp,coreset,5.458944419882718,2.7209430943223514,0.4549120349902265,0.22674525786019603,0.23367401215805464,0.1019612319106207,3.1125,400
f0.15_init20_b10,0.15,20,10,70,5,1,ecfp4,greedy,11.708741578014186,1.6952169199907572,2.341748315602837,0.3390433839981511,2.83393085106383,0.3337137295107091,37.7475,400
f0.15_init20_b10,0.15,20,10,70,5,2,ecfp4,epsilon_greedy,11.080949911347519,1.6766155458210943,2.2161899822695035,0.3353231091642189,2.685468085106383,0.2885206701105442,35.77,400
f0.15_init20_b10,0.15,20,10,70,5,3,mace_fp,greedy,10.493145592705169,1.7238726768713042,2.0986291185410333,0.3447745353742606,2.518048632218845,0.34642202905798253,33.54,400
f0.15_init20_b10,0.15,20,10,70,5,4,mace_fp,epsilon_greedy,9.993718224417426,1.6743084659437868,1.9987436448834854,0.3348616931887573,2.384788753799392,0.3155329968421265,31.765,400
f0.15_init20_b10,0.15,20,10,70,5,5,mace_internal_fp,greedy,9.522378660081053,1.8051286825697408,1.904475732016211,0.36102573651394837,2.2276922492401217,0.34414603281823375,29.6725,400
f0.15_init20_b10,0.15,20,10,70,5,6,mace_internal_fp,epsilon_greedy,9.143701633738603,1.770879100478291,1.8287403267477205,0.3541758200956581,2.1518655015197568,0.3367464871142884,28.6625,400
f0.15_init20_b10,0.15,20,10,70,5,7,ecfp4,bald,8.045330547112462,1.3539656560376065,1.6090661094224925,0.27079313120752124,1.9512249240121582,0.2759865632041931,25.99,400
f0.15_init20_b10,0.15,20,10,70,5,8,ecfp4,badge,7.625862234042554,1.2825436509423511,1.5251724468085106,0.25650873018847026,1.8078297872340425,0.2668122387314812,24.08,400
f0.15_init20_b10,0.15,20,10,70,5,9,boltz2_affinity,greedy,7.340711119554205,1.5610178137326054,1.4681422239108408,0.31220356274652106,1.6815144376899696,0.28455094144291904,22.3975,400
f0.15_init20_b10,0.15,20,10,70,5,10,boltz2_affinity,epsilon_greedy,7.085402710233029,1.5157060992196345,1.417080542046606,0.3031412198439267,1.5991185410334348,0.25156696741166884,21.3,400
f0.15_init20_b10,0.15,20,10,70,5,11,mace_fp,badge,6.653083890577508,1.068794158591147,1.3306167781155016,0.21375883171822932,1.61938905775076,0.22412893433883352,21.57,400
f0.15_init20_b10,0.15,20,10,70,5,12,boltz2_affinity,bald,6.633019832826748,1.5630571606639665,1.3266039665653497,0.3126114321327933,1.4221268996960488,0.33052752857972445,18.9425,400
f0.15_init20_b10,0.15,20,10,70,5,13,mace_internal_fp,badge,6.58756132218845,1.1274005416877937,1.3175122644376902,0.22548010833755872,1.5627066869300912,0.22128313086104723,20.815,400
f0.15_init20_b10,0.15,20,10,70,5,14,mace_internal_fp,bald,6.504539792299898,1.1575225113623768,1.3009079584599796,0.2315045022724754,1.5551990881458966,0.24449067144149322,20.715,400
f0.15_init20_b10,0.15,20,10,70,5,15,boltz2_affinity,badge,6.460104191995947,1.4968909779170605,1.2920208383991894,0.2993781955834121,1.4118039513677811,0.271466525741363,18.805,400
f0.15_init20_b10,0.15,20,10,70,5,16,mace_fp,bald,5.86621246200608,1.0113069603922518,1.173242492401216,0.20226139207845045,1.4821876899696047,0.2397934337720346,19.7425,400
f0.15_init20_b10,0.15,20,10,70,5,17,random,epsilon_greedy,5.001634257852078,1.3399909423475753,1.0003268515704153,0.267998188469515,0.9864984802431611,0.21825725747365698,13.14,400
f0.15_init20_b10,0.15,20,10,70,5,18,random,bald,4.997192261904762,1.3740429492226642,0.9994384523809523,0.274808589844533,0.9859354103343465,0.21094456163226674,13.1325,400
f0.15_init20_b10,0.15,20,10,70,5,19,random,badge,4.971829090678825,1.3226706481020294,0.994365818135765,0.2645341296204059,0.9844338905775076,0.20702267810344502,13.1125,400
f0.15_init20_b10,0.15,20,10,70,5,20,random,greedy,4.964412208713273,1.331801109084901,0.9928824417426546,0.26636022181697994,0.9741109422492401,0.2150489682112804,12.975,400
f0.15_init20_b10,0.15,20,10,70,5,21,boltz2_affinity,random,4.955396833839919,1.3463253519919256,0.9910793667679839,0.2692650703983852,0.9940060790273556,0.22803166405808184,13.24,400
f0.15_init20_b10,0.15,20,10,70,5,22,ecfp4,random,4.955396833839919,1.3463253519919256,0.9910793667679839,0.2692650703983852,0.9940060790273556,0.22803166405808184,13.24,400
f0.15_init20_b10,0.15,20,10,70,5,23,random,random,4.955396833839919,1.3463253519919256,0.9910793667679839,0.2692650703983852,0.9940060790273556,0.22803166405808184,13.24,400
f0.15_init20_b10,0.15,20,10,70,5,24,mace_internal_fp,random,4.955396833839919,1.3463253519919256,0.9910793667679839,0.2692650703983852,0.9940060790273556,0.22803166405808184,13.24,400
f0.15_init20_b10,0.15,20,10,70,5,25,mace_fp,random,4.955396833839919,1.3463253519919256,0.9910793667679839,0.2692650703983852,0.9940060790273556,0.22803166405808184,13.24,400
f0.15_init20_b10,0.15,20,10,70,5,26,random,coreset,4.811729546605877,1.3655571064969823,0.9623459093211753,0.2731114212993965,0.9690433130699089,0.20721501327369146,12.9075,400
f0.15_init20_b10,0.15,20,10,70,5,27,boltz2_affinity,coreset,4.649537259371834,1.2010201790493542,0.9299074518743669,0.2402040358098709,0.9861231003039513,0.1857592986287355,13.135,400
f0.15_init20_b10,0.15,20,10,70,5,28,mace_internal_fp,coreset,4.391914007092199,1.0725478748495167,0.8783828014184398,0.21450957496990325,0.8290265957446808,0.13923088343654064,11.0425,400
f0.15_init20_b10,0.15,20,10,70,5,29,ecfp4,coreset,3.4611688323201624,1.055696585297582,0.6922337664640323,0.21113931705951633,0.5621314589665654,0.12833710632383652,7.4875,400
f0.15_init20_b10,0.15,20,10,70,5,30,mace_fp,coreset,2.9759339539007095,1.132062028394584,0.5951867907801419,0.22641240567891663,0.35079255319148933,0.1293326986268832,4.6725,400
f0.15_init20_b5,0.15,20,5,70,10,1,ecfp4,greedy,23.668535669767586,3.3719261933041205,2.3668535669767583,0.33719261933041217,2.84744452887538,0.34592290611413695,37.9275,400
f0.15_init20_b5,0.15,20,5,70,10,2,ecfp4,epsilon_greedy,22.400418999646927,3.2183717289409763,2.2400418999646927,0.3218371728940977,2.7093047112462005,0.27341476305770424,36.0875,400
f0.15_init20_b5,0.15,20,5,70,10,3,mace_fp,greedy,21.272648780356757,3.311898172361162,2.127264878035676,0.3311898172361162,2.5516451367781157,0.3180086205148487,33.9875,400
f0.15_init20_b5,0.15,20,5,70,10,4,mace_fp,epsilon_greedy,20.32817506869608,3.2073920892392076,2.032817506869608,0.3207392089239209,2.426268237082067,0.2865022213639979,32.3175,400
f0.15_init20_b5,0.15,20,5,70,10,5,mace_internal_fp,greedy,19.492404861303,3.6142563110846675,1.9492404861303,0.36142563110846687,2.269734802431611,0.35666916817888866,30.2325,400
f0.15_init20_b5,0.15,20,5,70,10,6,mace_internal_fp,epsilon_greedy,18.702246451981825,3.4048592155154127,1.8702246451981823,0.34048592155154095,2.1747636778115504,0.3284460091468445,28.9675,400
f0.15_init20_b5,0.15,20,5,70,10,7,ecfp4,bald,16.290382814850634,2.4442324571734644,1.6290382814850632,0.24442324571734628,1.9409019756838908,0.2500546342048441,25.8525,400
f0.15_init20_b5,0.15,20,5,70,10,8,ecfp4,badge,15.227227543673822,2.461932600011895,1.522722754367382,0.24619326000118963,1.7533996960486322,0.24356677956132816,23.355,400
f0.15_init20_b5,0.15,20,5,70,10,9,boltz2_affinity,greedy,14.363342633017103,2.9476382220013817,1.43633426330171,0.29476382220013814,1.6501702127659577,0.27263614135040076,21.98,400
f0.15_init20_b5,0.15,20,5,70,10,10,boltz2_affinity,epsilon_greedy,13.791597590264345,2.7243874930816934,1.3791597590264346,0.27243874930816914,1.5647712765957449,0.2228343097275883,20.8425,400
f0.15_init20_b5,0.15,20,5,70,10,11,mace_internal_fp,bald,13.176500204169354,2.1228185002381528,1.3176500204169352,0.21228185002381533,1.5651466565349546,0.21504724387128876,20.8475,400
f0.15_init20_b5,0.15,20,5,70,10,12,mace_fp,badge,13.139445989530564,1.9772772738022713,1.3139445989530563,0.19772772738022706,1.5593282674772035,0.20145141721076038,20.77,400
f0.15_init20_b5,0.15,20,5,70,10,13,boltz2_affinity,bald,13.110423046191396,3.153786154610601,1.3110423046191397,0.3153786154610601,1.3727644376899695,0.33842181785111486,18.285,400
f0.15_init20_b5,0.15,20,5,70,10,14,mace_internal_fp,badge,12.84039991096374,2.088057975885896,1.284039991096374,0.20880579758858975,1.5054612462006078,0.19659140149145657,20.0525,400
f0.15_init20_b5,0.15,20,5,70,10,15,boltz2_affinity,badge,12.59333600595622,2.8801992661871885,1.259333600595622,0.28801992661871884,1.3605645896656535,0.2637117101262438,18.1225,400
f0.15_init20_b5,0.15,20,5,70,10,16,mace_fp,bald,12.257714643010654,1.8416792723754718,1.2257714643010653,0.18416792723754713,1.5446884498480244,0.20912095245540674,20.575,400
f0.15_init20_b5,0.15,20,5,70,10,17,random,badge,10.008814790764792,2.6375994388170954,1.000881479076479,0.2637599438817095,0.987812310030395,0.2177686160416549,13.1575,400
f0.15_init20_b5,0.15,20,5,70,10,18,random,bald,9.995573460286758,2.7269157567247824,0.9995573460286757,0.2726915756724781,0.987812310030395,0.2171189619054286,13.1575,400
f0.15_init20_b5,0.15,20,5,70,10,19,random,epsilon_greedy,9.944748095698628,2.666218697578558,0.9944748095698628,0.26662186975785584,0.9711079027355624,0.21328653938738076,12.935,400
f0.15_init20_b5,0.15,20,5,70,10,20,mace_internal_fp,random,9.924653828175371,2.74146342854239,0.9924653828175372,0.2741463428542389,0.9941937689969604,0.23155161695686957,13.2425,400
f0.15_init20_b5,0.15,20,5,70,10,21,boltz2_affinity,random,9.924653828175371,2.74146342854239,0.9924653828175372,0.2741463428542389,0.9941937689969604,0.23155161695686957,13.2425,400
f0.15_init20_b5,0.15,20,5,70,10,22,ecfp4,random,9.924653828175371,2.74146342854239,0.9924653828175372,0.2741463428542389,0.9941937689969604,0.23155161695686957,13.2425,400
f0.15_init20_b5,0.15,20,5,70,10,23,mace_fp,random,9.924653828175371,2.74146342854239,0.9924653828175372,0.2741463428542389,0.9941937689969604,0.23155161695686957,13.2425,400
f0.15_init20_b5,0.15,20,5,70,10,24,random,random,9.924653828175371,2.74146342854239,0.9924653828175372,0.2741463428542389,0.9941937689969604,0.23155161695686957,13.2425,400
f0.15_init20_b5,0.15,20,5,70,10,25,random,greedy,9.86901768674588,2.6270038589875657,0.9869017686745879,0.2627003858987564,0.9763632218844985,0.21857514090458274,13.005,400
f0.15_init20_b5,0.15,20,5,70,10,26,random,coreset,9.58563235278315,2.712532474942601,0.9585632352783151,0.2712532474942602,0.9690433130699089,0.20721501327369146,12.9075,400
f0.15_init20_b5,0.15,20,5,70,10,27,boltz2_affinity,coreset,9.272304226919653,2.3824641419604866,0.9272304226919652,0.2382464141960486,0.9861231003039513,0.1857592986287355,13.135,400
f0.15_init20_b5,0.15,20,5,70,10,28,mace_internal_fp,coreset,8.820476369316264,2.1270656194316873,0.8820476369316264,0.21270656194316875,0.8290265957446808,0.13923088343654064,11.0425,400
f0.15_init20_b5,0.15,20,5,70,10,29,ecfp4,coreset,6.854946137284701,2.0983173518485017,0.6854946137284701,0.20983173518485038,0.5621314589665654,0.12833710632383652,7.4875,400
f0.15_init20_b5,0.15,20,5,70,10,30,mace_fp,coreset,5.960674818473489,2.2405842629279844,0.5960674818473488,0.22405842629279854,0.35079255319148933,0.1293326986268832,4.6725,400
f0.15_init5_b10,0.15,5,10,65,6,1,ecfp4,greedy,15.985876977986551,4.399565849741059,2.6643128296644254,0.7332609749568433,3.0450531914893624,0.5366936803156552,37.6625,400
f0.15_init5_b10,0.15,5,10,65,6,2,ecfp4,epsilon_greedy,15.221117148690553,4.1392068542663125,2.5368528581150924,0.6898678090443856,2.9375212765957452,0.463779379226436,36.3325,400
f0.15_init5_b10,0.15,5,10,65,6,3,mace_fp,greedy,13.294979475607136,3.3740745769658185,2.215829912601189,0.5623457628276359,2.6684893617021275,0.4536940480649998,33.005,400
f0.15_init5_b10,0.15,5,10,65,6,4,mace_fp,epsilon_greedy,12.732054264529797,3.153146968771943,2.1220090440882995,0.5255244947953241,2.5429680851063834,0.38204643082568646,31.4525,400
f0.15_init5_b10,0.15,5,10,65,6,5,mace_internal_fp,greedy,11.440659218323049,3.268035406893828,1.906776536387175,0.5446725678156383,2.2290638297872345,0.42816889127125585,27.57,400
f0.15_init5_b10,0.15,5,10,65,6,6,mace_internal_fp,epsilon_greedy,11.179641183875226,3.10276431449274,1.863273530645871,0.5171273857487898,2.2124893617021275,0.4061497657235424,27.365,400
f0.15_init5_b10,0.15,5,10,65,6,7,boltz2_affinity,greedy,9.701857222682754,3.033363276171069,1.6169762037804591,0.5055605460285114,1.7767021276595745,0.4634078279201687,21.975,400
f0.15_init5_b10,0.15,5,10,65,6,8,ecfp4,bald,9.435795155199411,2.4307585511171816,1.5726325258665685,0.4051264251861968,2.0188510638297874,0.35466077852239747,24.97,400
f0.15_init5_b10,0.15,5,10,65,6,9,boltz2_affinity,epsilon_greedy,9.410068445856744,2.831859527354816,1.568344740976124,0.47197658789246916,1.6968617021276597,0.37790379819676784,20.9875,400
f0.15_init5_b10,0.15,5,10,65,6,10,ecfp4,badge,9.254035255288448,2.029791413100087,1.5423392092147412,0.3382985688500144,1.900808510638298,0.29941306557444264,23.51,400
f0.15_init5_b10,0.15,5,10,65,6,11,boltz2_affinity,bald,8.501955071996562,2.9762336863573857,1.4169925119994269,0.4960389477262312,1.5772021276595745,0.45907847123035833,19.5075,400
f0.15_init5_b10,0.15,5,10,65,6,12,boltz2_affinity,badge,8.213642190906022,2.5184505333415,1.3689403651510035,0.4197417555569168,1.5030212765957447,0.3558395378738952,18.59,400
f0.15_init5_b10,0.15,5,10,65,6,13,mace_internal_fp,badge,7.8627800451321725,1.7898570377748224,1.310463340855362,0.2983095062958038,1.5974148936170212,0.2595363841711975,19.7575,400
f0.15_init5_b10,0.15,5,10,65,6,14,mace_fp,badge,7.6204602483804615,1.5291591064896812,1.2700767080634103,0.2548598510816135,1.6143936170212765,0.271780980132741,19.9675,400
f0.15_init5_b10,0.15,5,10,65,6,15,mace_internal_fp,bald,7.616848755027479,1.8365891434899504,1.2694747925045797,0.30609819058165855,1.6081276595744682,0.28988277774554555,19.89,400
f0.15_init5_b10,0.15,5,10,65,6,16,mace_fp,bald,6.372711563967947,1.4514922686913179,1.0621185939946578,0.24191537811521963,1.4490531914893616,0.31546998444650814,17.9225,400
f0.15_init5_b10,0.15,5,10,65,6,17,random,badge,6.069732381566424,1.8997440017391656,1.011622063594404,0.31662400028986104,1.007808510638298,0.22300526923046152,12.465,400
f0.15_init5_b10,0.15,5,10,65,6,18,ecfp4,random,6.059177934358786,1.9657333158483505,1.0098629890597974,0.3276222193080583,1.0102340425531915,0.243058912167623,12.495,400
f0.15_init5_b10,0.15,5,10,65,6,19,mace_internal_fp,random,6.059177934358786,1.9657333158483505,1.0098629890597974,0.3276222193080583,1.0102340425531915,0.243058912167623,12.495,400
f0.15_init5_b10,0.15,5,10,65,6,20,random,random,6.059177934358786,1.9657333158483505,1.0098629890597974,0.3276222193080583,1.0102340425531915,0.243058912167623,12.495,400
f0.15_init5_b10,0.15,5,10,65,6,21,boltz2_affinity,random,6.059177934358786,1.9657333158483505,1.0098629890597974,0.3276222193080583,1.0102340425531915,0.243058912167623,12.495,400
f0.15_init5_b10,0.15,5,10,65,6,22,mace_fp,random,6.059177934358786,1.9657333158483505,1.0098629890597974,0.3276222193080583,1.0102340425531915,0.243058912167623,12.495,400
f0.15_init5_b10,0.15,5,10,65,6,23,random,epsilon_greedy,6.024110914617299,1.8459233691476562,1.0040184857695496,0.30765389485794253,0.9827446808510639,0.22450188214622477,12.155,400
f0.15_init5_b10,0.15,5,10,65,6,24,random,greedy,5.968527091584539,1.8754293177489842,0.9947545152640898,0.31257155295816397,0.9787021276595744,0.22123803342574255,12.105,400
f0.15_init5_b10,0.15,5,10,65,6,25,random,bald,5.8936133017101096,1.9361024212199578,0.9822688836183516,0.32268373686999274,0.9748617021276595,0.2222018542118315,12.0575,400
f0.15_init5_b10,0.15,5,10,65,6,26,random,coreset,5.847618088176599,1.7184704664776738,0.9746030146960999,0.2864117444129457,1.0197340425531916,0.20330709591266735,12.6125,400
f0.15_init5_b10,0.15,5,10,65,6,27,boltz2_affinity,coreset,5.311998894722299,1.6403658772281242,0.8853331491203832,0.27339431287135413,0.9463617021276596,0.19767911167530997,11.705,400
f0.15_init5_b10,0.15,5,10,65,6,28,mace_internal_fp,coreset,4.615541997482423,1.3137684475176241,0.7692569995804038,0.2189614079196042,0.7769787234042553,0.13863660488958046,9.61,400
f0.15_init5_b10,0.15,5,10,65,6,29,ecfp4,coreset,3.7521739998771917,1.1481984718712575,0.6253623333128653,0.191366411978543,0.4877340425531915,0.0980306745343982,6.0325,400
f0.15_init5_b10,0.15,5,10,65,6,30,mace_fp,coreset,2.19430011820331,1.3844728336563676,0.36571668636721827,0.23074547227606135,0.186563829787234,0.08207558023490376,2.3075,400
f0.15_init5_b5,0.15,5,5,70,13,1,ecfp4,greedy,37.12594020754659,8.294435704331281,2.855841554426661,0.6380335157177909,3.131044072948329,0.4588325574378449,41.705,400
f0.15_init5_b5,0.15,5,5,70,13,2,ecfp4,epsilon_greedy,35.424497586810354,7.92596286961419,2.7249613528315653,0.6096894515087841,3.028565349544073,0.4121647758285644,40.34,400
f0.15_init5_b5,0.15,5,5,70,13,3,mace_fp,greedy,31.265133617712078,6.30034018345501,2.4050102782855443,0.484641552573462,2.8039004559270517,0.37582556773607717,37.3475,400
f0.15_init5_b5,0.15,5,5,70,13,4,mace_fp,epsilon_greedy,29.908774639633418,5.829114094660392,2.3006749722794937,0.44839339189695343,2.6695144376899695,0.31577393386415575,35.5575,400
f0.15_init5_b5,0.15,5,5,70,13,5,mace_internal_fp,greedy,26.484084898759633,6.158607175382072,2.0372372999045876,0.4737390134909286,2.2652302431610942,0.4240797444825888,30.1725,400
f0.15_init5_b5,0.15,5,5,70,13,6,mace_internal_fp,epsilon_greedy,26.05951894361549,6.034602600655261,2.0045783802781143,0.4642002000504048,2.2856884498480246,0.40617532077790597,30.445,400
f0.15_init5_b5,0.15,5,5,70,13,7,ecfp4,bald,22.8096995682509,4.81833358062813,1.7545922744808384,0.3706410446637023,2.1246504559270516,0.2927290413293086,28.3,400
f0.15_init5_b5,0.15,5,5,70,13,8,ecfp4,badge,21.427619196524514,4.329251052764565,1.6482783997326553,0.3330193117511206,1.9343328267477204,0.266718774755768,25.765,400
f0.15_init5_b5,0.15,5,5,70,13,9,boltz2_affinity,greedy,20.75219765627399,6.550065452662674,1.5963228966364604,0.5038511886663594,1.737258358662614,0.5161635038743445,23.14,400
f0.15_init5_b5,0.15,5,5,70,13,10,boltz2_affinity,epsilon_greedy,19.62649371104664,5.8410047144116,1.5097302854651258,0.44930805495473847,1.6503579027355624,0.4108107624533988,21.9825,400
f0.15_init5_b5,0.15,5,5,70,13,11,boltz2_affinity,bald,18.575882291378836,6.19420887948277,1.4289140224137566,0.4764776061140593,1.4780585106382977,0.4534866773175929,19.6875,400
f0.15_init5_b5,0.15,5,5,70,13,12,mace_internal_fp,bald,17.841130544426022,3.791905120986163,1.3723946572635404,0.2916850093066281,1.70159726443769,0.2807856434606107,22.665,400
f0.15_init5_b5,0.15,5,5,70,13,13,boltz2_affinity,badge,17.601832687436676,4.787184118588785,1.3539871298028214,0.36824493219913723,1.4619171732522795,0.29141584863692044,19.4725,400
f0.15_init5_b5,0.15,5,5,70,13,14,mace_internal_fp,badge,17.228426431488135,3.445422661812544,1.3252635716529335,0.2650325124471188,1.5964908814589664,0.21360421487056844,21.265,400
f0.15_init5_b5,0.15,5,5,70,13,15,mace_fp,badge,17.00111581660066,3.096912153110187,1.3077781397385122,0.23822401177770672,1.6225797872340424,0.22759690993312087,21.6125,400
f0.15_init5_b5,0.15,5,5,70,13,16,mace_fp,bald,15.653766715406343,2.8066472975947225,1.2041359011851034,0.21589594596882475,1.6486686930091188,0.2569934981270296,21.96,400
f0.15_init5_b5,0.15,5,5,70,13,17,boltz2_affinity,random,13.091788706211048,3.815257249331261,1.007060669708542,0.2934813268716357,1.0110858662613982,0.23002445014257314,13.4675,400
f0.15_init5_b5,0.15,5,5,70,13,18,ecfp4,random,13.091788706211048,3.815257249331261,1.007060669708542,0.2934813268716357,1.0110858662613982,0.23002445014257314,13.4675,400
f0.15_init5_b5,0.15,5,5,70,13,19,random,random,13.091788706211048,3.815257249331261,1.007060669708542,0.2934813268716357,1.0110858662613982,0.23002445014257314,13.4675,400
f0.15_init5_b5,0.15,5,5,70,13,20,mace_fp,random,13.091788706211048,3.815257249331261,1.007060669708542,0.2934813268716357,1.0110858662613982,0.23002445014257314,13.4675,400
f0.15_init5_b5,0.15,5,5,70,13,21,mace_internal_fp,random,13.091788706211048,3.815257249331261,1.007060669708542,0.2934813268716357,1.0110858662613982,0.23002445014257314,13.4675,400
f0.15_init5_b5,0.15,5,5,70,13,22,random,bald,13.041657911178657,3.9119426005630724,1.0032044547060506,0.30091866158177477,0.9911907294832827,0.22433549114791326,13.2025,400
f0.15_init5_b5,0.15,5,5,70,13,23,random,badge,12.879405743990054,3.9851265347135794,0.9907235187684656,0.3065481949779676,0.9883753799392098,0.22073343924696487,13.165,400
f0.15_init5_b5,0.15,5,5,70,13,24,random,epsilon_greedy,12.829370142918547,3.9457707669787228,0.9868746263783499,0.3035208282291326,0.9816185410334346,0.22959946841164502,13.075,400
f0.15_init5_b5,0.15,5,5,70,13,25,random,greedy,12.715278784424795,3.895467603403373,0.9780983680326766,0.2996513541079519,0.9671664133738602,0.2177815893572591,12.8825,400
f0.15_init5_b5,0.15,5,5,70,13,26,random,coreset,12.633465441266772,3.4966097846771387,0.9718050339435977,0.26896998343670286,1.0080828267477202,0.19097833642605472,13.4275,400
f0.15_init5_b5,0.15,5,5,70,13,27,boltz2_affinity,coreset,11.493100743759788,3.2777712403586565,0.8840846725969067,0.25213624925835815,0.978427811550152,0.18711812582894752,13.0325,400
f0.15_init5_b5,0.15,5,5,70,13,28,mace_internal_fp,coreset,10.055803864250407,2.5753447556697826,0.7735233741731082,0.19810344274382946,0.7511352583586626,0.12888916846879647,10.005,400
f0.15_init5_b5,0.15,5,5,70,13,29,ecfp4,coreset,7.87095362247091,2.217759656142668,0.6054579709593008,0.170596896626359,0.48255091185410337,0.09144034591084749,6.4275,400
f0.15_init5_b5,0.15,5,5,70,13,30,mace_fp,coreset,4.558280310705843,2.677177769766457,0.3506369469773725,0.2059367515204966,0.1828100303951367,0.07668722610802678,2.435,400
f0.21_init10_b10,0.21,10,10,100,9,1,ecfp4,greedy,24.881609335950692,4.194252412353405,2.7646232595500773,0.466028045817045,3.0463771276595746,0.33364949659108006,57.9675,400
f0.21_init10_b10,0.21,10,10,100,9,2,ecfp4,epsilon_greedy,23.73571879854779,3.8421088139239234,2.637302088727532,0.42690097932488047,2.9228771276595746,0.3244344469167892,55.6175,400
f0.21_init10_b10,0.21,10,10,100,9,3,mace_fp,greedy,21.532101437436676,4.002504866512844,2.3924557152707417,0.4447227629458714,2.7074090425531914,0.3317489344680783,51.5175,400
f0.21_init10_b10,0.21,10,10,100,9,4,mace_fp,epsilon_greedy,20.62652548758865,3.5453068452373584,2.2918361652876285,0.3939229828041511,2.5965218085106385,0.26167810019970017,49.4075,400
f0.21_init10_b10,0.21,10,10,100,9,5,mace_internal_fp,greedy,18.788640801249578,3.7569496785943617,2.0876267556943975,0.4174388531771515,2.2858010638297874,0.3624413623844372,43.495,400
f0.21_init10_b10,0.21,10,10,100,9,6,mace_internal_fp,epsilon_greedy,18.207828976697062,3.548374288229903,2.0230921085218956,0.39426380980332265,2.226547340425532,0.33990185390047706,42.3675,400
f0.21_init10_b10,0.21,10,10,100,9,7,ecfp4,bald,16.48652426545086,2.8281267589825982,1.8318360294945402,0.31423630655362206,2.1148718085106384,0.23878649902284613,40.2425,400
f0.21_init10_b10,0.21,10,10,100,9,8,ecfp4,badge,15.506091820753124,2.464943662818793,1.7228990911947917,0.27388262920208795,1.9673287234042554,0.22144272955357505,37.435,400
f0.21_init10_b10,0.21,10,10,100,9,9,boltz2_affinity,greedy,14.693281117021277,4.139217354160855,1.632586790780142,0.4599130393512061,1.787465425531915,0.46567774220163566,34.0125,400
f0.21_init10_b10,0.21,10,10,100,9,10,boltz2_affinity,epsilon_greedy,14.144628926038502,3.540306844972109,1.5716254362265003,0.39336742721912304,1.7211170212765958,0.347255543839339,32.75,400
f0.21_init10_b10,0.21,10,10,100,9,11,mace_fp,badge,13.312466865079365,1.67635465639367,1.4791629850088186,0.18626162848818562,1.8293765957446808,0.19393441346705384,34.81,400
f0.21_init10_b10,0.21,10,10,100,9,12,mace_internal_fp,badge,13.23752434566025,1.9565958584498218,1.4708360384066943,0.21739953982775792,1.777348936170213,0.21323750906276492,33.82,400
f0.21_init10_b10,0.21,10,10,100,9,13,mace_internal_fp,bald,13.039031775582574,2.2143758686051456,1.4487813083980638,0.24604176317834953,1.7787941489361703,0.26126936266014544,33.8475,400
f0.21_init10_b10,0.21,10,10,100,9,14,boltz2_affinity,badge,12.739312791286727,2.998946396347036,1.4154791990318585,0.3332162662607819,1.4898829787234045,0.2650217257549266,28.35,400
f0.21_init10_b10,0.21,10,10,100,9,15,boltz2_affinity,bald,12.693128546099292,3.4021720124611674,1.4103476162332547,0.37801911249568526,1.427738829787234,0.31333477885048894,27.1675,400
f0.21_init10_b10,0.21,10,10,100,9,16,mace_fp,bald,11.934188513171227,1.7558567071635918,1.3260209459079142,0.19509518968484363,1.7807648936170213,0.2344161971373799,33.885,400
f0.21_init10_b10,0.21,10,10,100,9,17,random,badge,9.029678413120568,2.162757210027663,1.003297601457841,0.24030635666974032,0.9902335106382979,0.16716532261519335,18.8425,400
f0.21_init10_b10,0.21,10,10,100,9,18,ecfp4,random,8.987668184312732,2.2593000899928617,0.9986297982569703,0.2510333433325403,0.997065425531915,0.17895679791579355,18.9725,400
f0.21_init10_b10,0.21,10,10,100,9,19,mace_internal_fp,random,8.987668184312732,2.2593000899928617,0.9986297982569703,0.2510333433325403,0.997065425531915,0.17895679791579355,18.9725,400
f0.21_init10_b10,0.21,10,10,100,9,20,random,random,8.987668184312732,2.2593000899928617,0.9986297982569703,0.2510333433325403,0.997065425531915,0.17895679791579355,18.9725,400
f0.21_init10_b10,0.21,10,10,100,9,21,boltz2_affinity,random,8.987668184312732,2.2593000899928617,0.9986297982569703,0.2510333433325403,0.997065425531915,0.17895679791579355,18.9725,400
f0.21_init10_b10,0.21,10,10,100,9,22,mace_fp,random,8.987668184312732,2.2593000899928617,0.9986297982569703,0.2510333433325403,0.997065425531915,0.17895679791579355,18.9725,400
f0.21_init10_b10,0.21,10,10,100,9,23,random,bald,8.809947680260047,2.2168507154024426,0.9788830755844498,0.2463167461558271,0.9707888297872341,0.17335741731353418,18.4725,400
f0.21_init10_b10,0.21,10,10,100,9,24,random,coreset,8.802932246285039,2.052612230872841,0.97810358292056,0.22806802565253792,0.9797228723404255,0.1459614983479494,18.6425,400
f0.21_init10_b10,0.21,10,10,100,9,25,random,epsilon_greedy,8.796030469013846,2.3094227793592976,0.9773367187793163,0.256602531039922,0.9728909574468085,0.17777784142375908,18.5125,400
f0.21_init10_b10,0.21,10,10,100,9,26,random,greedy,8.7487263403411,2.3222415852427605,0.9720807044823445,0.25802684280475113,0.9663218085106383,0.17880665977381618,18.3875,400
f0.21_init10_b10,0.21,10,10,100,9,27,boltz2_affinity,coreset,8.536044929922324,1.9289296651319354,0.9484494366580359,0.21432551834799277,1.0011382978723404,0.14880576864778464,19.05,400
f0.21_init10_b10,0.21,10,10,100,9,28,mace_internal_fp,coreset,7.176043931526511,1.5264800136147387,0.7973382146140569,0.1696088904016376,0.7641234042553192,0.09925902980561573,14.54,400
f0.21_init10_b10,0.21,10,10,100,9,29,ecfp4,coreset,5.413327513931105,1.3739471434626407,0.6014808348812338,0.15266079371807123,0.5381446808510638,0.09290496171132222,10.24,400
f0.21_init10_b10,0.21,10,10,100,9,30,mace_fp,coreset,3.345001775160419,1.628519145033308,0.37166686390671316,0.1809465716703677,0.1890601063829787,0.07358187652670657,3.5975,400
f0.21_init10_b5,0.21,10,5,100,18,1,ecfp4,greedy,51.006096155119046,8.081508418922946,2.8336720086177247,0.4489726899401633,3.0978792553191488,0.38952192426107296,58.9475,400
f0.21_init10_b5,0.21,10,5,100,18,2,ecfp4,epsilon_greedy,48.583395673050006,7.349384874550354,2.699077537391667,0.4082991596972418,2.986466489361702,0.31990773716448306,56.8275,400
f0.21_init10_b5,0.21,10,5,100,18,3,mace_fp,greedy,44.435907606787076,6.990978349246238,2.468661533710393,0.3883876860692353,2.7707356382978725,0.31254313952598095,52.7225,400
f0.21_init10_b5,0.21,10,5,100,18,4,mace_fp,epsilon_greedy,42.39901373277067,6.09551208575919,2.355500762931704,0.33863956031995535,2.6469728723404256,0.2521183217782712,50.3675,400
f0.21_init10_b5,0.21,10,5,100,18,5,mace_internal_fp,greedy,38.77926418074,7.13885442417009,2.1544035655966662,0.39660302356500493,2.329945744680851,0.37254767487295565,44.335,400
f0.21_init10_b5,0.21,10,5,100,18,6,mace_internal_fp,epsilon_greedy,37.72188869170654,6.521181494430369,2.095660482872585,0.36228786080168723,2.292238829787234,0.3031703942340492,43.6175,400
f0.21_init10_b5,0.21,10,5,100,18,7,ecfp4,bald,34.01274726988958,4.956685476752462,1.8895970705494214,0.27537141537513693,2.1294553191489363,0.21898359035224996,40.52,400
f0.21_init10_b5,0.21,10,5,100,18,8,ecfp4,badge,31.078974541600974,4.2619205294234686,1.7266096967556097,0.23677336274574845,1.9053159574468086,0.17963804346934137,36.255,400
f0.21_init10_b5,0.21,10,5,100,18,9,boltz2_affinity,greedy,28.773485358817933,7.591644628559004,1.598526964378774,0.4217580349199448,1.7640792553191489,0.4526930393184046,33.5675,400
f0.21_init10_b5,0.21,10,5,100,18,10,boltz2_affinity,epsilon_greedy,27.729459138418424,6.1741622827260665,1.5405255076899125,0.34300901570700376,1.7174382978723406,0.30869737366492167,32.68,400
f0.21_init10_b5,0.21,10,5,100,18,11,mace_internal_fp,bald,26.819594687939652,3.769115378902598,1.489977482663314,0.20939529882792224,1.8188659574468087,0.24037097030876564,34.61,400
f0.21_init10_b5,0.21,10,5,100,18,12,mace_fp,badge,26.19017176375547,3.4273235200919236,1.4550095424308593,0.19040686222732922,1.7639478723404256,0.1847352450373673,33.565,400
f0.21_init10_b5,0.21,10,5,100,18,13,mace_internal_fp,badge,26.051042937645725,3.665402560977159,1.4472801632025403,0.203633475609842,1.7136281914893619,0.1746241126059043,32.6075,400
f0.21_init10_b5,0.21,10,5,100,18,14,mace_fp,bald,25.265897522222943,3.3151657732990287,1.4036609734568302,0.1841758762943905,1.8396244680851066,0.22096834722788147,35.005,400
f0.21_init10_b5,0.21,10,5,100,18,15,boltz2_affinity,bald,25.027493790206286,6.843279798273534,1.390416321678127,0.38018221101519634,1.3824117021276594,0.3401035289740079,26.305,400
f0.21_init10_b5,0.21,10,5,100,18,16,boltz2_affinity,badge,24.647047504332168,5.473637406741977,1.3692804169073427,0.3040909670412209,1.4241914893617023,0.23372554749231655,27.1,400
f0.21_init10_b5,0.21,10,5,100,18,17,boltz2_affinity,random,17.99017127125673,4.440216526581717,0.9994539595142627,0.24667869592120642,1.006787765957447,0.18527341014139492,19.1575,400
f0.21_init10_b5,0.21,10,5,100,18,18,ecfp4,random,17.99017127125673,4.440216526581717,0.9994539595142627,0.24667869592120642,1.006787765957447,0.18527341014139492,19.1575,400
f0.21_init10_b5,0.21,10,5,100,18,19,random,random,17.99017127125673,4.440216526581717,0.9994539595142627,0.24667869592120642,1.006787765957447,0.18527341014139492,19.1575,400
f0.21_init10_b5,0.21,10,5,100,18,20,mace_fp,random,17.99017127125673,4.440216526581717,0.9994539595142627,0.24667869592120642,1.006787765957447,0.18527341014139492,19.1575,400
f0.21_init10_b5,0.21,10,5,100,18,21,mace_internal_fp,random,17.99017127125673,4.440216526581717,0.9994539595142627,0.24667869592120642,1.006787765957447,0.18527341014139492,19.1575,400
f0.21_init10_b5,0.21,10,5,100,18,22,random,badge,17.834200465115124,4.4247312806298,0.990788914728618,0.24581840447943337,0.9826132978723404,0.17456504072301088,18.6975,400
f0.21_init10_b5,0.21,10,5,100,18,23,random,bald,17.752692637633714,4.298583204086397,0.9862607020907619,0.2388101780048,0.9730223404255319,0.17163618988048698,18.515,400
f0.21_init10_b5,0.21,10,5,100,18,24,random,epsilon_greedy,17.719481159665673,4.508952594951384,0.9844156199814261,0.2504973663861879,0.9731537234042554,0.17195786433997773,18.5175,400
f0.21_init10_b5,0.21,10,5,100,18,25,random,greedy,17.64341906037399,4.486319748268396,0.980189947798555,0.24923998601491076,0.9667159574468086,0.16642897636350212,18.395,400
f0.21_init10_b5,0.21,10,5,100,18,26,random,coreset,17.55451749082773,4.071179990191593,0.9752509717126517,0.22617666612175497,0.9797228723404255,0.1459614983479494,18.6425,400
f0.21_init10_b5,0.21,10,5,100,18,27,boltz2_affinity,coreset,16.984134208909225,3.769314429368503,0.943563011606068,0.20940635718713904,1.0011382978723404,0.14880576864778464,19.05,400
f0.21_init10_b5,0.21,10,5,100,18,28,mace_internal_fp,coreset,14.426929898292329,2.961233732964187,0.8014961054606848,0.16451298516467702,0.7641234042553192,0.09925902980561573,14.54,400
f0.21_init10_b5,0.21,10,5,100,18,29,ecfp4,coreset,10.731430361465993,2.7024220105249683,0.5961905756369995,0.15013455614027604,0.5381446808510638,0.09290496171132222,10.24,400
f0.21_init10_b5,0.21,10,5,100,18,30,mace_fp,coreset,6.699362411742583,3.1996323154500192,0.3721868006523657,0.17775735085833447,0.1890601063829787,0.07358187652670657,3.5975,400
f0.21_init20_b10,0.21,20,10,100,8,1,ecfp4,greedy,20.39604689716312,2.5024004621910785,2.54950586214539,0.31280005777388487,2.9329936170212765,0.3340121733228111,55.81,400
f0.21_init20_b10,0.21,20,10,100,8,2,ecfp4,epsilon_greedy,19.346789583333333,2.367155646184753,2.4183486979166666,0.2958944557730941,2.819347340425532,0.28420715255001155,53.6475,400
f0.21_init20_b10,0.21,20,10,100,8,3,mace_fp,greedy,18.248985216143197,2.5371667205113733,2.2811231520178996,0.3171458400639217,2.628316489361702,0.2993847777521634,50.0125,400
f0.21_init20_b10,0.21,20,10,100,8,4,mace_fp,epsilon_greedy,17.38806071006417,2.3445126880201697,2.1735075887580213,0.29306408600252115,2.5190058510638296,0.24400099794025343,47.9325,400
f0.21_init20_b10,0.21,20,10,100,8,5,mace_internal_fp,greedy,16.290316820753123,2.592398138094954,2.0362896025941404,0.3240497672618691,2.2773925531914894,0.30574665222773295,43.335,400
f0.21_init20_b10,0.21,20,10,100,8,6,mace_internal_fp,epsilon_greedy,15.706943028115502,2.521810093939483,1.9633678785144377,0.31522626174243534,2.213671808510638,0.28532164963919115,42.1225,400
f0.21_init20_b10,0.21,20,10,100,8,7,ecfp4,bald,14.052224983113813,1.8740728247772755,1.7565281228892267,0.23425910309715947,2.0402462765957448,0.2229394323551246,38.8225,400
f0.21_init20_b10,0.21,20,10,100,8,8,ecfp4,badge,13.180935298463357,1.7831531243846428,1.6476169123079196,0.22289414054808038,1.879433510638298,0.2085007379971847,35.7625,400
f0.21_init20_b10,0.21,20,10,100,8,9,boltz2_affinity,greedy,12.568291255065855,2.3194387251532924,1.5710364068832319,0.28992984064416155,1.787465425531915,0.29963899435930247,34.0125,400
f0.21_init20_b10,0.21,20,10,100,8,10,boltz2_affinity,epsilon_greedy,12.063696156281662,2.1180573209602933,1.5079620195352077,0.2647571651200367,1.7104750000000002,0.23915754469186018,32.5475,400
f0.21_init20_b10,0.21,20,10,100,8,11,mace_fp,badge,11.809011294748395,1.4801879399095126,1.4761264118435493,0.18502349248868896,1.8066473404255319,0.2084602319637376,34.3775,400
f0.21_init20_b10,0.21,20,10,100,8,12,mace_internal_fp,badge,11.534835351232692,1.4713725555190702,1.4418544189040865,0.18392156943988375,1.7253212765957449,0.17918374905718823,32.83,400
f0.21_init20_b10,0.21,20,10,100,8,13,mace_internal_fp,bald,11.465603299138804,1.602908688749177,1.4332004123923505,0.20036358609364713,1.7448973404255321,0.226851355239862,33.2025,400
f0.21_init20_b10,0.21,20,10,100,8,14,boltz2_affinity,bald,10.83941794579534,2.281276349824949,1.3549272432244175,0.28515954372811864,1.3762367021276598,0.30097585832237894,26.1875,400
f0.21_init20_b10,0.21,20,10,100,8,15,mace_fp,bald,10.739636744343127,1.4363144264768086,1.3424545930428908,0.17953930330960108,1.7498898936170213,0.21158464139041433,33.2975,400
f0.21_init20_b10,0.21,20,10,100,8,16,boltz2_affinity,badge,10.730583310114826,2.077257200162349,1.3413229137643532,0.25965715002029366,1.430235106382979,0.22487331246962566,27.215,400
f0.21_init20_b10,0.21,20,10,100,8,17,random,epsilon_greedy,7.954215930006755,1.8105553034019743,0.9942769912508443,0.2263194129252468,0.9839271276595746,0.1713594617422292,18.7225,400
f0.21_init20_b10,0.21,20,10,100,8,18,random,bald,7.946277165653496,1.8258962849762537,0.993284645706687,0.22823703562203174,0.9790659574468086,0.17262803649285846,18.63,400
f0.21_init20_b10,0.21,20,10,100,8,19,random,random,7.940348248058089,1.829779645840461,0.9925435310072611,0.22872245573005764,0.9973281914893617,0.18727483421183252,18.9775,400
f0.21_init20_b10,0.21,20,10,100,8,20,mace_internal_fp,random,7.940348248058089,1.829779645840461,0.9925435310072611,0.22872245573005764,0.9973281914893617,0.18727483421183252,18.9775,400
f0.21_init20_b10,0.21,20,10,100,8,21,boltz2_affinity,random,7.940348248058089,1.829779645840461,0.9925435310072611,0.22872245573005764,0.9973281914893617,0.18727483421183252,18.9775,400
f0.21_init20_b10,0.21,20,10,100,8,22,ecfp4,random,7.940348248058089,1.829779645840461,0.9925435310072611,0.22872245573005764,0.9973281914893617,0.18727483421183252,18.9775,400
f0.21_init20_b10,0.21,20,10,100,8,23,mace_fp,random,7.940348248058089,1.829779645840461,0.9925435310072611,0.22872245573005764,0.9973281914893617,0.18727483421183252,18.9775,400
f0.21_init20_b10,0.21,20,10,100,8,24,random,badge,7.90463449636947,1.7566212861379662,0.9880793120461837,0.21957766076724577,0.9738106382978724,0.16688688402425272,18.53,400
f0.21_init20_b10,0.21,20,10,100,8,25,random,greedy,7.875706258443094,1.8006990987424694,0.9844632823053867,0.22508738734280867,0.9698691489361703,0.16558671272187656,18.455,400
f0.21_init20_b10,0.21,20,10,100,8,26,random,coreset,7.730624518743668,1.797309606244612,0.9663280648429585,0.2246637007805765,0.97565,0.1583891091481442,18.565,400
f0.21_init20_b10,0.21,20,10,100,8,27,boltz2_affinity,coreset,7.641123514015536,1.5811459848520715,0.955140439251942,0.19764324810650893,1.0119117021276596,0.1486426394637295,19.255,400
f0.21_init20_b10,0.21,20,10,100,8,28,mace_internal_fp,coreset,6.7616687943262415,1.3504745598902415,0.8452085992907802,0.16880931998628013,0.7861957446808511,0.10613398378445074,14.96,400
f0.21_init20_b10,0.21,20,10,100,8,29,ecfp4,coreset,5.129277513931105,1.3360014879252144,0.6411596892413881,0.1670001859906518,0.5422175531914893,0.10103251743905459,10.3175,400
f0.21_init20_b10,0.21,20,10,100,8,30,mace_fp,coreset,3.8821553486997633,1.4504657750981163,0.4852694185874704,0.1813082218872645,0.2632914893617021,0.0924194093031048,5.01,400
f0.21_init20_b5,0.21,20,5,100,16,1,ecfp4,greedy,41.18996384263248,5.094884505434788,2.57437274016453,0.3184302815896741,2.9734595744680856,0.32341903208389444,56.58,400
f0.21_init20_b5,0.21,20,5,100,16,2,ecfp4,epsilon_greedy,39.08568217261115,4.518559084480928,2.4428551357881965,0.282409942780058,2.839843085106383,0.26952076471084213,54.0375,400
f0.21_init20_b5,0.21,20,5,100,16,3,mace_fp,greedy,37.02577652014062,4.801135149582226,2.3141110325087886,0.3000709468488892,2.6708845744680856,0.27866219879315735,50.8225,400
f0.21_init20_b5,0.21,20,5,100,16,4,mace_fp,epsilon_greedy,35.281235650003076,4.443424979786086,2.2050772281251922,0.27771406123663034,2.533983510638298,0.2407582264416829,48.2175,400
f0.21_init20_b5,0.21,20,5,100,16,5,mace_internal_fp,greedy,33.21645393579095,5.244367631055161,2.0760283709869345,0.32777297694094754,2.2961803191489363,0.3208160744337497,43.6925,400
f0.21_init20_b5,0.21,20,5,100,16,6,mace_internal_fp,epsilon_greedy,31.971001887223295,4.848915862185149,1.998187617951456,0.30305724138657186,2.238897340425532,0.28535561160011647,42.6025,400
f0.21_init20_b5,0.21,20,5,100,16,7,ecfp4,bald,28.296841741435454,3.425222208406518,1.7685526088397159,0.21407638802540746,2.0339398936170214,0.20967861149881634,38.7025,400
f0.21_init20_b5,0.21,20,5,100,16,8,ecfp4,badge,25.964330040842903,3.3804922323641073,1.6227706275526814,0.2112807645227567,1.8124281914893619,0.19429772962047206,34.4875,400
f0.21_init20_b5,0.21,20,5,100,16,9,boltz2_affinity,greedy,24.662136927969126,4.386551406337822,1.5413835579980704,0.27415946289611387,1.767363829787234,0.2908032127156234,33.63,400
f0.21_init20_b5,0.21,20,5,100,16,10,boltz2_affinity,epsilon_greedy,23.545772242607555,3.7603029528381984,1.4716107651629722,0.23501893455238732,1.6751329787234044,0.23104103347630361,31.875,400
f0.21_init20_b5,0.21,20,5,100,16,11,mace_internal_fp,bald,23.182119985468397,2.8848164289223837,1.4488824990917748,0.18030102680764898,1.760137765957447,0.20739461974394272,33.4925,400
f0.21_init20_b5,0.21,20,5,100,16,12,mace_fp,badge,23.027606674513777,2.6960030429682447,1.439225417157111,0.1685001901855153,1.7195404255319149,0.18522787148584088,32.72,400
f0.21_init20_b5,0.21,20,5,100,16,13,mace_fp,bald,22.352841588522903,2.605659088975558,1.3970525992826814,0.1628536930609724,1.796268085106383,0.2000048364329319,34.18,400
f0.21_init20_b5,0.21,20,5,100,16,14,mace_internal_fp,badge,22.346474906369703,2.740956370021337,1.3966546816481065,0.17130977312633355,1.6501702127659577,0.16772179323721403,31.4,400
f0.21_init20_b5,0.21,20,5,100,16,15,boltz2_affinity,bald,21.26757997126639,4.6774139603135305,1.3292237482041493,0.2923383725195957,1.3466755319148935,0.3011001666093708,25.625,400
f0.21_init20_b5,0.21,20,5,100,16,16,boltz2_affinity,badge,20.823126143926302,4.0193244822335,1.301445383995394,0.2512077801395937,1.3717696808510638,0.21928300151860058,26.1025,400
f0.21_init20_b5,0.21,20,5,100,16,17,random,badge,15.922313007906258,3.5789634232418397,0.9951445629941411,0.22368521395261498,0.9848468085106383,0.17607643618568888,18.74,400
f0.21_init20_b5,0.21,20,5,100,16,18,random,bald,15.91334552233853,3.622934823148067,0.9945840951461581,0.22643342644675418,0.9865547872340426,0.17340931657943967,18.7725,400
f0.21_init20_b5,0.21,20,5,100,16,19,random,random,15.867880746744218,3.7671432577090496,0.9917425466715136,0.2354464536068156,0.994831914893617,0.19415700356585588,18.93,400
f0.21_init20_b5,0.21,20,5,100,16,20,mace_internal_fp,random,15.867880746744218,3.7671432577090496,0.9917425466715136,0.2354464536068156,0.994831914893617,0.19415700356585588,18.93,400
f0.21_init20_b5,0.21,20,5,100,16,21,boltz2_affinity,random,15.867880746744218,3.7671432577090496,0.9917425466715136,0.2354464536068156,0.994831914893617,0.19415700356585588,18.93,400
f0.21_init20_b5,0.21,20,5,100,16,22,ecfp4,random,15.867880746744218,3.7671432577090496,0.9917425466715136,0.2354464536068156,0.994831914893617,0.19415700356585588,18.93,400
f0.21_init20_b5,0.21,20,5,100,16,23,mace_fp,random,15.867880746744218,3.7671432577090496,0.9917425466715136,0.2354464536068156,0.994831914893617,0.19415700356585588,18.93,400
f0.21_init20_b5,0.21,20,5,100,16,24,random,epsilon_greedy,15.785747047761722,3.5548850420654245,0.9866091904851076,0.22218031512908903,0.9728909574468085,0.16093885683874282,18.5125,400
f0.21_init20_b5,0.21,20,5,100,16,25,random,greedy,15.724783620105038,3.5675870018464213,0.9827989762565649,0.2229741876154013,0.9773579787234042,0.1641805228151941,18.5975,400
f0.21_init20_b5,0.21,20,5,100,16,26,random,coreset,15.428405756293492,3.568063408906737,0.9642753597683432,0.22300396305667103,0.97565,0.1583891091481442,18.565,400
f0.21_init20_b5,0.21,20,5,100,16,27,boltz2_affinity,coreset,15.269750264625516,3.1460969655218074,0.9543593915390948,0.19663106034511296,1.0119117021276596,0.1486426394637295,19.255,400
f0.21_init20_b5,0.21,20,5,100,16,28,mace_internal_fp,coreset,13.550578298811466,2.681171164863778,0.8469111436757166,0.16757319780398616,0.7861957446808511,0.10613398378445074,14.96,400
f0.21_init20_b5,0.21,20,5,100,16,29,ecfp4,coreset,10.191317647431314,2.6547305211639687,0.636957352964457,0.16592065757274804,0.5422175531914893,0.10103251743905459,10.3175,400
f0.21_init20_b5,0.21,20,5,100,16,30,mace_fp,coreset,7.768712233297574,2.878350335462055,0.4855445145810984,0.17989689596637845,0.2632914893617021,0.0924194093031048,5.01,400
f0.21_init5_b10,0.21,5,10,95,9,1,ecfp4,greedy,25.093628062675748,5.563238095257615,2.788180895852861,0.618137566139735,3.0320425531914896,0.4504679913925433,54.81,400
f0.21_init5_b10,0.21,5,10,95,9,2,ecfp4,epsilon_greedy,24.051872426120678,5.121634010545119,2.6724302695689643,0.5690704456161243,2.9514148936170215,0.3711365399277603,53.3525,400
f0.21_init5_b10,0.21,5,10,95,9,3,mace_fp,greedy,21.411801419703924,4.344079976557935,2.3790890466337693,0.48267555295088166,2.7150638297872343,0.3428879216098978,49.08,400
f0.21_init5_b10,0.21,5,10,95,9,4,mace_fp,epsilon_greedy,20.476992166073394,3.9528918892053646,2.2752213517859325,0.4392102099117073,2.6002765957446807,0.30180327890740477,47.005,400
f0.21_init5_b10,0.21,5,10,95,9,5,mace_internal_fp,greedy,18.156319230838694,4.125151379327496,2.0173688034265216,0.45835015325861067,2.2436063829787236,0.39976362740105864,40.5575,400
f0.21_init5_b10,0.21,5,10,95,9,6,mace_internal_fp,epsilon_greedy,17.855780608155577,3.9189783580419673,1.9839756231283974,0.43544203978244067,2.23931914893617,0.33802645827704664,40.48,400
f0.21_init5_b10,0.21,5,10,95,9,7,ecfp4,bald,15.664450599504795,3.063353487042906,1.7404945110560879,0.340372609671434,2.1065531914893616,0.25420573094953347,38.08,400
f0.21_init5_b10,0.21,5,10,95,9,8,boltz2_affinity,greedy,15.145439471326895,4.236716735266877,1.6828266079252103,0.47074630391854205,1.8392234042553193,0.4563288621528471,33.2475,400
f0.21_init5_b10,0.21,5,10,95,9,9,ecfp4,badge,15.055119965342683,2.597171560432014,1.672791107260298,0.2885746178257793,1.9540106382978724,0.24186734216820535,35.3225,400
f0.21_init5_b10,0.21,5,10,95,9,10,boltz2_affinity,epsilon_greedy,14.620624077896794,3.718053185303595,1.624513786432977,0.41311702058928834,1.7732553191489362,0.3431489678847137,32.055,400
f0.21_init5_b10,0.21,5,10,95,9,11,boltz2_affinity,bald,13.14429658221767,3.9884171374659254,1.4604773980241856,0.4431574597184357,1.5075851063829788,0.37901125343608355,27.2525,400
f0.21_init5_b10,0.21,5,10,95,9,12,mace_internal_fp,badge,12.931650424773391,2.200606420050471,1.4368500471970436,0.2445118244500524,1.7720106382978724,0.22139055815939793,32.0325,400
f0.21_init5_b10,0.21,5,10,95,9,13,mace_fp,badge,12.76606321041634,1.9324396231845282,1.4184514678240379,0.21471551368716985,1.8013297872340426,0.2262540581246915,32.5625,400
f0.21_init5_b10,0.21,5,10,95,9,14,boltz2_affinity,badge,12.727334389487583,3.2846283320636283,1.4141482654986204,0.36495870356262555,1.5024680851063832,0.2864679633116237,27.16,400
f0.21_init5_b10,0.21,5,10,95,9,15,mace_internal_fp,bald,12.705122785065026,2.2913681671397383,1.4116803094516694,0.2545964630155262,1.780031914893617,0.2524946577043594,32.1775,400
f0.21_init5_b10,0.21,5,10,95,9,16,mace_fp,bald,11.1587584141974,2.02712302590885,1.2398620460219334,0.22523589176765008,1.7216702127659576,0.2648672865384357,31.1225,400
f0.21_init5_b10,0.21,5,10,95,9,17,random,badge,9.080313774974853,2.3460707211471292,1.0089237527749835,0.2606745245719033,0.9974042553191489,0.18032400009078617,18.03,400
f0.21_init5_b10,0.21,5,10,95,9,18,ecfp4,random,9.060038968985403,2.4628242990556353,1.0066709965539336,0.2736471443395152,0.9921489361702127,0.2015467227460251,17.935,400
f0.21_init5_b10,0.21,5,10,95,9,19,mace_internal_fp,random,9.060038968985403,2.4628242990556353,1.0066709965539336,0.2736471443395152,0.9921489361702127,0.2015467227460251,17.935,400
f0.21_init5_b10,0.21,5,10,95,9,20,random,random,9.060038968985403,2.4628242990556353,1.0066709965539336,0.2736471443395152,0.9921489361702127,0.2015467227460251,17.935,400
f0.21_init5_b10,0.21,5,10,95,9,21,boltz2_affinity,random,9.060038968985403,2.4628242990556353,1.0066709965539336,0.2736471443395152,0.9921489361702127,0.2015467227460251,17.935,400
f0.21_init5_b10,0.21,5,10,95,9,22,mace_fp,random,9.060038968985403,2.4628242990556353,1.0066709965539336,0.2736471443395152,0.9921489361702127,0.2015467227460251,17.935,400
f0.21_init5_b10,0.21,5,10,95,9,23,random,epsilon_greedy,8.993804448200944,2.2473802179491997,0.9993116053556605,0.2497089131054666,0.9896595744680852,0.16706659347229175,17.89,400
f0.21_init5_b10,0.21,5,10,95,9,24,random,greedy,8.903270896340484,2.3000420684999043,0.9892523218156093,0.2555602298333228,0.9774893617021277,0.17050371869557762,17.67,400
f0.21_init5_b10,0.21,5,10,95,9,25,random,coreset,8.853396978456116,2.0725584455074015,0.9837107753840129,0.23028427172304458,0.9920106382978724,0.14678397106408694,17.9325,400
f0.21_init5_b10,0.21,5,10,95,9,26,random,bald,8.83101401092997,2.3406535265859865,0.9812237789922187,0.2600726140651097,0.9812234042553192,0.1790819633439634,17.7375,400
f0.21_init5_b10,0.21,5,10,95,9,27,boltz2_affinity,coreset,8.233833604776533,1.9949153284140098,0.914870400530726,0.22165725871266756,0.9863404255319149,0.14744249667956266,17.83,400
f0.21_init5_b10,0.21,5,10,95,9,28,mace_internal_fp,coreset,6.821830253635949,1.5097070281541412,0.7579811392928832,0.16774522535046002,0.7403085106382978,0.09925497693800525,13.3825,400
f0.21_init5_b10,0.21,5,10,95,9,29,ecfp4,coreset,5.321897299835473,1.2771962368587437,0.5913219222039414,0.14191069298430484,0.5584468085106383,0.09847581150705531,10.095,400
f0.21_init5_b10,0.21,5,10,95,9,30,mace_fp,coreset,2.711402099847031,1.5528808568017771,0.30126689998300343,0.17254231742241963,0.16319148936170208,0.06035813985250853,2.95,400
f0.21_init5_b5,0.21,5,5,100,19,1,ecfp4,greedy,56.01183471655587,10.294339368389034,2.9479913008713616,0.5418073351783707,3.156870212765958,0.3939055445744826,60.07,400
f0.21_init5_b5,0.21,5,5,100,19,2,ecfp4,epsilon_greedy,53.66747712745641,9.587970498076634,2.8246040593398107,0.5046300262145597,3.0391510638297876,0.31192509717633204,57.83,400
f0.21_init5_b5,0.21,5,5,100,19,3,mace_fp,greedy,48.114990884856525,7.878666518688279,2.532367941308238,0.41466665887833054,2.8075228723404257,0.28335710536226805,53.4225,400
f0.21_init5_b5,0.21,5,5,100,19,4,mace_fp,epsilon_greedy,45.978347894147994,7.1219527381388215,2.4199130470604207,0.37483961779678004,2.682314893617021,0.24106397268636387,51.04,400
f0.21_init5_b5,0.21,5,5,100,19,5,mace_internal_fp,greedy,40.11692983538677,7.8273427301520835,2.111417359757198,0.41196540685010963,2.2880345744680852,0.4032607287576696,43.5375,400
f0.21_init5_b5,0.21,5,5,100,19,6,mace_internal_fp,epsilon_greedy,39.84890129692915,7.53336068754578,2.0973105945752186,0.39649266776556735,2.3124718085106384,0.33697736636268244,44.0025,400
f0.21_init5_b5,0.21,5,5,100,19,7,ecfp4,bald,35.74649039818216,5.81076630745934,1.881394231483272,0.30582980565575485,2.165060106382979,0.2173903400433602,41.1975,400
f0.21_init5_b5,0.21,5,5,100,19,8,ecfp4,badge,33.048163842237415,5.24419938715622,1.739377044328285,0.27601049406085365,1.9223957446808513,0.19282263436740835,36.58,400
f0.21_init5_b5,0.21,5,5,100,19,9,boltz2_affinity,greedy,31.397598908335095,9.352176273341525,1.652505205701847,0.49221980386008013,1.8044138297872343,0.5209886850628993,34.335,400
f0.21_init5_b5,0.21,5,5,100,19,10,boltz2_affinity,epsilon_greedy,29.776927762539575,7.855146940490133,1.567206724344188,0.4134287863415863,1.7286058510638298,0.37354285552976324,32.8925,400
f0.21_init5_b5,0.21,5,5,100,19,11,mace_internal_fp,bald,28.52417063906317,4.7308366692901105,1.5012721388980617,0.24899140364684785,1.8538138297872342,0.2582589668484314,35.275,400
f0.21_init5_b5,0.21,5,5,100,19,12,boltz2_affinity,bald,27.21356432273748,8.160932280548364,1.432292859091446,0.42952275160780856,1.4036957446808511,0.3592028677629139,26.71,400
f0.21_init5_b5,0.21,5,5,100,19,13,mace_internal_fp,badge,27.197887593257807,4.030129337950356,1.4314677680662005,0.21211207041843985,1.7207228723404255,0.1759096255655032,32.7425,400
f0.21_init5_b5,0.21,5,5,100,19,14,mace_fp,badge,27.154477537849445,3.7308532984350395,1.4291830283078653,0.19636069991763372,1.7568531914893617,0.1836403323619514,33.43,400
f0.21_init5_b5,0.21,5,5,100,19,15,boltz2_affinity,badge,26.385108782058925,5.9582607825518155,1.388689935897838,0.31359267276588504,1.4550664893617022,0.2276028644368233,27.6875,400
f0.21_init5_b5,0.21,5,5,100,19,16,mace_fp,bald,26.26325151125731,3.7730869928809594,1.382276395329332,0.198583525941103,1.8707622340425534,0.2299666930873014,35.5975,400
f0.21_init5_b5,0.21,5,5,100,19,17,boltz2_affinity,random,19.14133853511424,4.657476680916607,1.0074388702691706,0.2451303516271898,1.0095468085106383,0.18106520464703385,19.21,400
f0.21_init5_b5,0.21,5,5,100,19,18,ecfp4,random,19.14133853511424,4.657476680916607,1.0074388702691706,0.2451303516271898,1.0095468085106383,0.18106520464703385,19.21,400
f0.21_init5_b5,0.21,5,5,100,19,19,random,random,19.14133853511424,4.657476680916607,1.0074388702691706,0.2451303516271898,1.0095468085106383,0.18106520464703385,19.21,400
f0.21_init5_b5,0.21,5,5,100,19,20,mace_fp,random,19.14133853511424,4.657476680916607,1.0074388702691706,0.2451303516271898,1.0095468085106383,0.18106520464703385,19.21,400
f0.21_init5_b5,0.21,5,5,100,19,21,mace_internal_fp,random,19.14133853511424,4.657476680916607,1.0074388702691706,0.2451303516271898,1.0095468085106383,0.18106520464703385,19.21,400
f0.21_init5_b5,0.21,5,5,100,19,22,random,bald,18.95244843740688,4.734743463071455,0.9974972861793094,0.24919702437218175,0.9769638297872341,0.1695842903494826,18.59,400
f0.21_init5_b5,0.21,5,5,100,19,23,random,badge,18.792713475504645,4.8297389638827,0.9890901829212971,0.2541967875727739,0.9784090425531915,0.16657214279950092,18.6175,400
f0.21_init5_b5,0.21,5,5,100,19,24,random,epsilon_greedy,18.709560294049922,4.836073285020487,0.984713699686838,0.254530172895815,0.9743361702127661,0.17725967989078673,18.54,400
f0.21_init5_b5,0.21,5,5,100,19,25,random,coreset,18.61840888321802,4.169816424579641,0.9799162570114749,0.21946402234629675,0.9931239361702129,0.1365764170920663,18.8975,400
f0.21_init5_b5,0.21,5,5,100,19,26,random,greedy,18.48107892373584,4.737013322665106,0.9726883644071495,0.24931649066658482,0.9592271276595745,0.16361671477225004,18.2525,400
f0.21_init5_b5,0.21,5,5,100,19,27,boltz2_affinity,coreset,17.376522453560728,3.963248308075101,0.9145538133453015,0.20859201621447906,0.9947005319148937,0.14522506171709482,18.9275,400
f0.21_init5_b5,0.21,5,5,100,19,28,mace_internal_fp,coreset,14.43486953090714,2.9400689843697534,0.7597299753109021,0.15474047286156598,0.7440218085106384,0.10267711293245863,14.1575,400
f0.21_init5_b5,0.21,5,5,100,19,29,ecfp4,coreset,11.080567744786503,2.4629484079103414,0.5831877760413949,0.12962886357422848,0.5627132978723405,0.09769216657213768,10.7075,400
f0.21_init5_b5,0.21,5,5,100,19,30,mace_fp,coreset,5.573705555183067,2.9942579939756717,0.29335292395700346,0.15759252599871965,0.16514840425531915,0.05733283851097952,3.1425,400
